epoch,batch,data_time,fwd_time,bwd_time,total_time,cls_loss,reg_loss,total_loss
0,0,0.000001,1.309899,0.629898,1.948372,11.330017,10.263275,21.593292
0,1,0.000000,0.692499,0.468259,1.212610,11.314590,10.497664,21.812254
0,2,0.000001,0.705701,0.451894,1.224271,11.324984,10.662492,21.987473
0,3,0.000001,0.683727,0.443199,1.200462,11.312892,10.592135,21.905027
0,4,0.000002,0.719716,0.472018,1.279596,11.313722,10.698343,22.012066
0,5,0.000001,0.737152,0.513575,1.321496,11.312921,10.604677,21.917597
0,6,0.000001,0.634950,0.464277,1.176674,11.200350,10.462133,21.662483
0,7,0.000001,0.700332,0.454587,1.213357,10.981725,10.499430,21.481153
0,8,0.000001,0.695984,0.458207,1.234020,10.855320,10.095565,20.950884
0,9,0.000001,0.717683,0.467914,1.245291,10.632813,10.316728,20.949543
0,10,0.000001,0.785233,0.467217,1.332738,10.318279,10.217076,20.535357
0,11,0.000001,0.724803,0.472058,1.264751,9.725574,10.074831,19.800406
0,12,0.000001,0.674894,0.456936,1.211898,9.505309,10.453976,19.959286
0,13,0.000001,0.733694,0.462674,1.252091,8.948115,9.894848,18.842966
0,14,0.000000,0.636904,0.456668,1.163346,10.467752,9.699607,20.167360
0,15,0.000001,0.761346,0.470239,1.284031,8.818912,9.733885,18.552797
0,16,0.000000,0.697423,0.442050,1.217723,8.941312,9.364555,18.305866
0,17,0.000001,0.708330,0.445714,1.216597,9.690228,9.687397,19.377623
0,18,0.000001,0.676835,0.458402,1.202862,9.539539,9.843926,19.383467
0,19,0.000001,0.723708,0.483539,1.281452,10.937224,9.570510,20.507734
0,20,0.000000,0.711195,0.471383,1.248132,15.501637,9.748853,25.250490
0,21,0.000001,0.639529,0.453637,1.156553,58.786369,10.350142,69.136505
0,22,0.000001,0.688830,0.480274,1.205719,14.163128,9.950738,24.113867
0,23,0.000001,0.692263,0.464200,1.225815,10.615541,10.092529,20.708071
0,24,0.000001,0.789122,0.446604,1.304027,12.445992,10.360504,22.806498
0,25,0.000001,0.655430,0.497527,1.212222,9.856406,9.819663,19.676071
0,26,0.000001,0.704663,0.470534,1.230125,8.701936,10.342754,19.044689
0,27,0.000001,0.714087,0.513240,1.301336,8.613165,9.826092,18.439257
0,28,0.000000,0.709802,0.484586,1.250615,9.198155,10.479697,19.677851
0,29,0.000001,0.664202,0.460013,1.181846,8.499457,9.985397,18.484856
0,30,0.000000,0.706101,0.478073,1.233332,9.276323,9.671558,18.947882
0,31,0.000001,0.670798,0.465673,1.183265,8.002995,9.586175,17.589170
0,32,0.000001,0.749277,0.489400,1.277004,8.194307,9.519842,17.714149
0,33,0.000001,0.690684,0.468932,1.231717,7.988813,9.667437,17.656250
0,34,0.000001,0.678463,0.489021,1.222589,8.462557,9.891830,18.354385
0,35,0.000001,0.674134,0.462780,1.195509,8.190752,9.846722,18.037474
0,36,0.000001,0.605505,0.426238,1.084411,7.361685,9.519733,16.881420
1,0,0.000001,0.625035,0.419291,1.045020,7.152690,9.265419,16.418110
1,1,0.000001,0.491342,0.421362,0.957992,7.776580,9.214721,16.991301
1,2,0.000001,0.550022,0.457040,1.066884,7.987950,9.379180,17.367130
1,3,0.000000,0.524188,0.427583,1.039170,8.034037,9.504842,17.538879
1,4,0.000001,0.548572,0.413305,1.036909,8.206053,9.410918,17.616972
1,5,0.000000,0.469577,0.387566,0.904131,8.592035,9.764156,18.356192
1,6,0.000002,0.511460,0.423874,0.991537,8.139540,9.844825,17.984365
1,7,0.000001,0.502098,0.422679,0.986086,7.862028,9.435494,17.297522
1,8,0.000001,0.494710,0.420904,0.972821,7.557783,9.931247,17.489031
1,9,0.000001,0.535485,0.433834,1.031788,7.711656,9.346128,17.057783
1,10,0.000001,0.532781,0.461332,1.077483,7.001948,9.307994,16.309942
1,11,0.000001,0.522866,0.429194,1.041559,9.175798,9.829776,19.005573
1,12,0.000001,0.484476,0.441374,0.999961,8.168311,9.434778,17.603088
1,13,0.000001,0.491589,0.458906,1.007108,7.576425,9.299545,16.875969
1,14,0.000001,0.469640,0.411325,0.954583,7.513063,9.690734,17.203796
1,15,0.000001,0.507986,0.432345,0.990618,7.247333,9.935767,17.183100
1,16,0.000000,0.475906,0.409186,0.943050,7.241379,9.389283,16.630663
1,17,0.000001,0.615928,0.498746,1.167349,7.621166,9.682768,17.303936
1,18,0.000000,0.546357,0.461840,1.110317,7.790410,9.548585,17.338995
1,19,0.000001,0.672780,0.438392,1.200128,7.012319,9.685604,16.697924
1,20,0.000001,0.488326,0.444934,1.005317,7.056058,9.574949,16.631008
1,21,0.000001,0.534082,0.435099,1.044313,6.861433,9.484665,16.346098
1,22,0.000001,0.503776,0.418115,0.992162,8.856299,9.741817,18.598116
1,23,0.000001,0.521416,0.436881,1.025690,6.703054,9.655710,16.358765
1,24,0.000001,0.522358,0.433487,1.022749,9.394879,9.546480,18.941360
1,25,0.000001,0.518394,0.449895,1.031537,7.540231,9.027406,16.567636
1,26,0.000001,0.499380,0.432435,0.995810,7.480826,9.429939,16.910765
1,27,0.000001,0.495623,0.410908,0.964559,6.869418,9.556328,16.425745
1,28,0.000001,0.537652,0.469202,1.076295,6.938742,8.967527,15.906268
1,29,0.000001,0.511630,0.423025,1.028389,7.196178,9.328143,16.524323
1,30,0.000001,0.508223,0.437596,1.012915,6.711177,9.664682,16.375860
1,31,0.000012,0.549003,0.446682,1.070937,7.270122,9.445713,16.715834
1,32,0.000001,0.502618,0.430135,1.017956,6.928953,9.095625,16.024578
1,33,0.000001,0.505063,0.421139,0.987117,6.344388,8.973417,15.317805
1,34,0.000001,0.484058,0.425029,0.959048,6.756375,9.268171,16.024544
1,35,0.000001,0.528244,0.452563,1.052309,7.710757,9.544999,17.255756
1,36,0.000001,0.505664,0.432097,1.019121,6.734103,9.691957,16.426060
2,0,0.000000,0.548432,0.426337,0.983340,6.920282,9.038685,15.958965
2,1,0.000001,0.468508,0.397694,0.929721,7.272200,8.956288,16.228487
2,2,0.000001,0.552458,0.434092,1.033988,6.180292,9.100966,15.281259
2,3,0.000000,0.497695,0.419655,0.982559,7.765397,9.778041,17.543438
2,4,0.000001,0.507204,0.423531,0.997257,6.150384,9.222829,15.373214
2,5,0.000001,0.507125,0.424529,0.987936,6.913905,8.698870,15.612774
2,6,0.000001,0.550091,0.442056,1.057907,7.105534,9.319228,16.424763
2,7,0.000001,0.557842,0.453311,1.097278,7.348779,9.407640,16.756420
2,8,0.000001,0.494737,0.445073,1.033995,6.534723,9.076328,15.611052
2,9,0.000001,0.482845,0.407213,0.948582,7.903911,9.188440,17.092350
2,10,0.000001,0.492071,0.410416,0.945839,6.545549,9.252415,15.797962
2,11,0.000001,0.534693,0.440619,1.025695,6.400307,9.522789,15.923098
2,12,0.000000,0.461634,0.399793,0.939680,6.389470,9.213667,15.603138
2,13,0.000001,0.527476,0.491554,1.064783,6.829715,9.453863,16.283579
2,14,0.000001,0.485095,0.432699,1.004054,6.759124,9.326704,16.085831
2,15,0.000001,0.495883,0.433394,0.993152,6.290236,8.979508,15.269746
2,16,0.000001,0.482687,0.423275,0.964167,7.248229,9.304976,16.553205
2,17,0.000001,0.470508,0.414990,0.945781,6.347862,9.009944,15.357807
2,18,0.000000,0.531892,0.439935,1.031713,6.782142,9.143796,15.925938
2,19,0.000001,0.454533,0.385004,0.921622,6.875939,9.406381,16.282322
2,20,0.000000,0.467174,0.401005,0.906887,6.262858,8.546112,14.808969
2,21,0.000001,0.496604,0.428028,0.997597,6.757716,9.139563,15.897280
2,22,0.000000,0.480476,0.425918,0.967370,6.263242,8.760646,15.023888
2,23,0.000001,0.487691,0.423548,0.967143,6.234505,8.990986,15.225491
2,24,0.000000,0.533379,0.437975,1.039401,6.445267,9.418829,15.864097
2,25,0.000001,0.500786,0.421509,0.995510,6.288713,8.938258,15.226973
2,26,0.000001,0.496768,0.419307,0.964622,5.690507,9.060311,14.750819
2,27,0.000001,0.527938,0.452161,1.051850,6.006371,9.374942,15.381310
2,28,0.000001,0.642760,0.413082,1.129029,5.791378,8.587669,14.379048
2,29,0.000001,0.525524,0.436121,1.030717,6.439422,9.296432,15.735854
2,30,0.000001,0.514846,0.470204,1.059291,7.474117,9.329810,16.803928
2,31,0.000001,0.484501,0.420879,0.989573,6.784417,9.447886,16.232302
2,32,0.000000,0.480325,0.413737,0.951900,6.283780,9.090625,15.374403
2,33,0.000001,0.509591,0.453448,1.027332,6.402783,9.430384,15.833166
2,34,0.000001,0.508308,0.449151,1.026417,6.628453,9.292048,15.920502
2,35,0.000001,0.497625,0.435368,1.002499,5.955865,9.091194,15.047061
2,36,0.000001,0.519930,0.405329,0.995190,6.808674,9.086847,15.895522
3,0,0.000001,0.566645,0.444899,1.022622,5.849074,9.231583,15.080656
3,1,0.000001,0.473615,0.414097,0.957402,5.784372,8.544840,14.329212
3,2,0.000001,0.497676,0.428109,0.992598,5.788787,9.154002,14.942789
3,3,0.000000,0.481370,0.415267,0.965471,5.141705,8.298605,13.440308
3,4,0.000001,0.524841,0.438663,1.021031,5.966669,8.686358,14.653028
3,5,0.000001,0.522174,0.426892,1.007933,6.787023,8.915603,15.702626
3,6,0.000001,0.511586,0.419584,0.995557,6.490758,8.762507,15.253266
3,7,0.000001,0.521676,0.447282,1.027379,5.983474,8.619447,14.602921
3,8,0.000001,0.522933,0.447896,1.045704,6.400008,9.437602,15.837610
3,9,0.000000,0.528876,0.440850,1.028402,5.551041,8.339973,13.891015
3,10,0.000001,0.466221,0.405697,0.929822,5.277099,8.145733,13.422832
3,11,0.000001,0.481723,0.425093,0.955076,5.619417,8.839334,14.458752
3,12,0.000001,0.545366,0.466133,1.082884,5.933590,9.280015,15.213606
3,13,0.000000,0.493058,0.435849,1.008969,5.685164,9.288074,14.973240
3,14,0.000001,0.502901,0.427366,0.987236,5.640749,8.530482,14.171232
3,15,0.000001,0.491709,0.419966,0.975487,5.899981,9.065373,14.965355
3,16,0.000001,0.499832,0.429342,1.007990,5.681703,8.920805,14.602509
3,17,0.000001,0.485398,0.434271,0.991053,6.133810,9.012994,15.146804
3,18,0.000001,0.497182,0.424322,0.988410,6.216875,8.441404,14.658278
3,19,0.000000,0.508464,0.442018,1.008873,6.282811,8.815291,15.098103
3,20,0.000001,0.532717,0.444760,1.073544,5.962726,8.815461,14.778186
3,21,0.000000,0.504047,0.442531,1.003582,6.503746,8.920233,15.423978
3,22,0.000001,0.458139,0.404489,0.926068,6.851377,8.298271,15.149649
3,23,0.000001,0.486373,0.421059,0.952636,7.031289,9.262486,16.293774
3,24,0.000001,0.505537,0.471565,1.052433,5.861696,8.432328,14.294025
3,25,0.000001,0.634842,0.455678,1.170116,6.332017,9.468521,15.800538
3,26,0.000001,0.503418,0.442961,1.040486,6.063178,9.256468,15.319645
3,27,0.000001,0.447282,0.392806,0.903799,6.688942,8.235435,14.924377
3,28,0.000002,0.525934,0.488514,1.063786,5.939537,8.719078,14.658618
3,29,0.000001,0.510268,0.443159,1.024140,7.042120,9.355277,16.397396
3,30,0.000001,0.500073,0.418287,0.988919,5.787345,8.758185,14.545530
3,31,0.000000,0.444004,0.396730,0.887442,6.859389,8.531167,15.390557
3,32,0.000001,0.488478,0.422653,0.948732,6.039215,8.451901,14.491117
3,33,0.000000,0.486521,0.457675,0.995742,5.655519,8.603130,14.258649
3,34,0.000001,0.471562,0.419566,0.956538,6.346265,8.689403,15.035667
3,35,0.000000,0.439126,0.395916,0.894042,5.909190,8.487723,14.396914
3,36,0.000001,0.532221,0.439174,1.023147,5.180721,8.982249,14.162969
4,0,0.000001,0.569820,0.456852,1.030687,5.328617,8.548581,13.877197
4,1,0.000001,0.631456,0.460530,1.151965,5.631148,8.950907,14.582054
4,2,0.000001,0.504662,0.430881,1.020979,5.760189,8.409874,14.170064
4,3,0.000001,0.525393,0.456409,1.042005,5.985982,8.208142,14.194126
4,4,0.000001,0.495067,0.471944,1.046351,6.193954,9.452686,15.646641
4,5,0.000001,0.496315,0.440788,0.999106,5.552422,8.581091,14.133512
4,6,0.000001,0.489273,0.418255,0.977754,5.999912,8.982130,14.982040
4,7,0.000001,0.474612,0.437479,0.984049,6.441530,8.589274,15.030805
4,8,0.000001,0.483320,0.423658,0.963340,5.545359,8.422116,13.967475
4,9,0.000001,0.480969,0.443332,0.981915,6.015353,8.794524,14.809875
4,10,0.000000,0.514347,0.414760,0.996343,4.560091,8.198875,12.758967
4,11,0.000001,0.500088,0.436128,0.999081,5.348571,8.422321,13.770892
4,12,0.000001,0.503735,0.419468,0.995156,6.628555,8.229079,14.857634
4,13,0.000001,0.492238,0.418550,0.984689,6.337223,8.816462,15.153684
4,14,0.000001,0.484652,0.423994,0.952526,5.906600,8.732452,14.639051
4,15,0.000001,0.505989,0.446177,1.018573,5.324776,8.393677,13.718452
4,16,0.000001,0.495368,0.430405,0.987615,4.954944,8.160366,13.115310
4,17,0.000001,0.490890,0.452877,1.016075,5.463463,9.035727,14.499188
4,18,0.000000,0.513626,0.453071,1.031287,5.814714,8.085765,13.900480
4,19,0.000001,0.446796,0.395600,0.911153,5.592566,8.206696,13.799261
4,20,0.000001,0.486771,0.445384,0.973443,4.992354,7.721528,12.713882
4,21,0.000001,0.580548,0.447309,1.097467,4.907388,8.471467,13.378857
4,22,0.000001,0.512059,0.428386,1.006470,5.512308,8.328398,13.840705
4,23,0.000001,0.504304,0.441013,1.009361,5.597351,9.255796,14.853148
4,24,0.000001,0.489575,0.427168,0.982393,4.478891,8.185749,12.664639
4,25,0.000001,0.482024,0.428353,0.970862,5.320349,8.563169,13.883517
4,26,0.000001,0.514444,0.437459,1.019135,5.551395,8.731808,14.283203
4,27,0.000001,0.530187,0.518423,1.128053,5.045450,8.533427,13.578876
4,28,0.000001,0.472776,0.422674,0.973977,4.634352,7.827041,12.461392
4,29,0.000001,0.492111,0.409323,0.952215,4.954019,7.713498,12.667516
4,30,0.000000,0.507837,0.426180,0.976616,5.157132,8.174466,13.331597
4,31,0.000001,0.496911,0.428224,0.997653,4.903176,7.901165,12.804340
4,32,0.000000,0.442328,0.396839,0.902627,5.488086,8.191853,13.679939
4,33,0.000001,0.502192,0.464618,1.020513,6.092704,8.455173,14.547876
4,34,0.000001,0.478530,0.439405,0.991502,6.378689,8.621744,15.000434
4,35,0.000001,0.526307,0.435158,1.035230,5.399722,8.195608,13.595330
4,36,0.000001,0.482653,0.424820,0.976741,5.335623,8.459940,13.795563
5,0,0.000001,0.570673,0.458109,1.037547,5.207001,8.322415,13.529415
5,1,0.000001,0.538555,0.483607,1.095749,5.144860,8.213209,13.358068
5,2,0.000001,0.498658,0.435039,1.020409,4.913033,8.347971,13.261004
5,3,0.000000,0.555186,0.430832,1.048822,5.815361,7.968771,13.784132
5,4,0.000001,0.526897,0.436844,1.032201,5.879390,8.689748,14.569137
5,5,0.000000,0.541744,0.427980,1.029189,5.017608,8.127591,13.145199
5,6,0.000000,0.563103,0.485077,1.112957,5.325575,8.866204,14.191780
5,7,0.000001,0.480199,0.416956,0.986358,5.030582,8.082810,13.113394
5,8,0.000001,0.540923,0.446418,1.035748,5.154478,7.958953,13.113431
5,9,0.000001,0.533882,0.414699,1.011106,5.179809,8.448789,13.628597
5,10,0.000001,0.538716,0.429967,1.047193,4.355284,7.612742,11.968026
5,11,0.000000,0.535298,0.424133,1.026019,5.076089,8.077920,13.154010
5,12,0.000001,0.548160,0.459702,1.074964,4.768513,8.636486,13.404999
5,13,0.000001,0.475642,0.409730,0.975250,4.618181,7.413183,12.031364
5,14,0.000001,0.520112,0.428166,1.001854,4.514543,8.251800,12.766344
5,15,0.000000,0.540448,0.418787,1.030372,5.449718,8.017679,13.467399
5,16,0.000001,0.500133,0.455703,1.047517,6.168337,7.885196,14.053534
5,17,0.000000,0.504241,0.428164,1.005246,4.358036,7.695480,12.053517
5,18,0.000001,0.483476,0.426972,0.983074,4.914725,7.772873,12.687598
5,19,0.000001,0.505935,0.439817,1.001375,4.757043,8.284304,13.041348
5,20,0.000001,0.541083,0.446888,1.069120,5.923815,8.616178,14.539993
5,21,0.000000,0.500827,0.444900,1.022739,5.134258,8.255412,13.389669
5,22,0.000001,0.478544,0.432477,0.983884,5.604884,8.108490,13.713374
5,23,0.000001,0.534389,0.438116,1.023408,4.853251,8.072049,12.925302
5,24,0.000001,0.541179,0.466642,1.082057,5.322607,8.291918,13.614525
5,25,0.000001,0.528829,0.452564,1.055409,6.119568,8.670685,14.790254
5,26,0.000001,0.460808,0.435977,0.978911,5.112825,7.647891,12.760715
5,27,0.000001,0.443326,0.392336,0.881573,5.346651,7.600035,12.946685
5,28,0.000001,0.501786,0.422900,0.973483,5.710278,8.200251,13.910529
5,29,0.000001,0.493834,0.418823,0.956753,4.360154,7.429338,11.789492
5,30,0.000002,0.468617,0.403344,0.936664,4.835560,7.642002,12.477563
5,31,0.000001,0.547343,0.433543,1.017512,4.493898,7.359476,11.853374
5,32,0.000001,0.504236,0.443747,1.004774,4.646653,7.565073,12.211725
5,33,0.000002,0.528861,0.432533,1.039020,5.015083,8.546184,13.561268
5,34,0.000001,0.513484,0.445740,1.028505,5.244663,8.501110,13.745774
5,35,0.000001,0.478044,0.399051,0.949758,5.054324,7.223724,12.278048
5,36,0.000001,0.513149,0.430238,1.003735,5.017604,7.981552,12.999155
6,0,0.000001,0.548594,0.433969,0.983354,4.848261,7.770788,12.619048
6,1,0.000001,0.547548,0.444961,1.055602,5.630961,7.910712,13.541674
6,2,0.000001,0.476133,0.403296,0.955052,4.667961,6.953474,11.621435
6,3,0.000001,0.506419,0.441258,1.014478,4.880807,8.124240,13.005048
6,4,0.000000,0.488079,0.416208,0.978065,4.622299,7.898646,12.520945
6,5,0.000001,0.594244,0.451730,1.131771,5.513632,8.059451,13.573083
6,6,0.000001,0.525605,0.441983,1.054068,5.056998,8.488843,13.545839
6,7,0.000001,0.515958,0.413065,1.017740,4.530127,7.232022,11.762148
6,8,0.000001,0.505625,0.425274,0.996354,4.901674,7.606791,12.508465
6,9,0.000001,0.550263,0.437502,1.054489,4.726398,8.094435,12.820833
6,10,0.000000,0.608526,0.414324,1.108004,5.116961,7.945562,13.062524
6,11,0.000001,0.530309,0.420201,1.005755,4.827182,7.962526,12.789708
6,12,0.000001,0.527184,0.433389,1.028011,5.414043,8.112150,13.526194
6,13,0.000001,0.537646,0.451325,1.084518,4.339499,7.688156,12.027657
6,14,0.000000,0.469392,0.407057,0.954506,4.464598,7.614636,12.079235
6,15,0.000001,0.489251,0.424444,0.974816,3.870559,7.380270,11.250828
6,16,0.000001,0.477178,0.404758,0.954982,4.896346,8.049809,12.946156
6,17,0.000001,0.518075,0.423725,1.025835,4.543781,7.163338,11.707119
6,18,0.000001,0.469633,0.430773,0.964861,4.414086,7.336622,11.750709
6,19,0.000001,0.497643,0.411257,0.985196,4.709946,7.780461,12.490406
6,20,0.000001,0.524679,0.429611,1.007035,4.261993,7.492435,11.754428
6,21,0.000001,0.610891,0.447261,1.134582,4.572643,7.551349,12.123992
6,22,0.000001,0.514115,0.424473,1.020317,4.233442,7.899424,12.132864
6,23,0.000001,0.530515,0.418955,0.998339,4.596108,7.746034,12.342142
6,24,0.000001,0.517913,0.444586,1.023376,5.293620,8.696872,13.990490
6,25,0.000001,0.500707,0.428623,1.016454,4.067400,7.338039,11.405439
6,26,0.000001,0.580685,0.471722,1.119310,4.276045,7.868335,12.144380
6,27,0.000000,0.498702,0.430579,1.014088,4.507808,7.455977,11.963785
6,28,0.000001,0.489607,0.425003,0.951542,4.527966,7.374872,11.902837
6,29,0.000001,0.558841,0.458962,1.066985,4.498560,7.334858,11.833418
6,30,0.000001,0.493795,0.397757,0.967505,4.278073,7.287034,11.565107
6,31,0.000001,0.513136,0.411696,0.973233,4.616749,7.147176,11.763926
6,32,0.000001,0.554993,0.432715,1.037738,5.298866,8.300355,13.599219
6,33,0.000000,0.521224,0.428169,1.020919,5.060326,7.598438,12.658764
6,34,0.000002,0.507623,0.448114,1.002410,3.911762,7.518895,11.430657
6,35,0.000000,0.533102,0.419329,1.021682,4.477492,7.473436,11.950929
6,36,0.000001,0.484935,0.431103,0.979967,4.554836,7.944470,12.499308
7,0,0.000001,0.603701,0.443863,1.059772,4.530575,8.035646,12.566221
7,1,0.000000,0.561708,0.455481,1.095859,4.197148,7.762712,11.959860
7,2,0.000001,0.720308,0.463841,1.285509,3.878135,7.553933,11.432068
7,3,0.000001,0.511935,0.419643,1.002844,4.184685,7.285595,11.470281
7,4,0.000001,0.498496,0.405118,0.968979,4.577300,7.509505,12.086806
7,5,0.000000,0.524576,0.429968,1.012835,4.921856,7.721690,12.643545
7,6,0.000001,0.516508,0.427206,1.009646,4.073526,6.814647,10.888174
7,7,0.000001,0.526487,0.426192,1.023920,3.997193,7.804957,11.802150
7,8,0.000001,0.534442,0.421599,1.024378,4.078465,7.427928,11.506391
7,9,0.000001,0.533242,0.437090,1.053711,4.262968,7.895315,12.158282
7,10,0.000001,0.530261,0.429404,1.045201,4.132298,7.625307,11.757607
7,11,0.000001,0.524149,0.433487,1.040881,4.723207,7.793823,12.517031
7,12,0.000001,0.516468,0.411589,1.001918,4.520278,8.129269,12.649548
7,13,0.000001,0.529683,0.417171,1.011660,4.494455,7.441712,11.936168
7,14,0.000001,0.535228,0.426172,1.019595,4.780457,8.129066,12.909523
7,15,0.000001,0.493098,0.396318,0.976300,4.207440,7.212376,11.419817
7,16,0.000001,0.508654,0.414938,0.970168,4.014232,7.193533,11.207764
7,17,0.000001,0.474375,0.398672,0.943871,4.273778,6.761049,11.034826
7,18,0.000001,0.520921,0.421320,1.008686,4.470282,7.634574,12.104855
7,19,0.000001,0.533033,0.426650,1.029629,4.253469,7.540810,11.794280
7,20,0.000001,0.501596,0.415668,0.986068,4.662600,7.621525,12.284124
7,21,0.000001,0.493762,0.432610,0.985839,3.989645,6.994988,10.984633
7,22,0.000001,0.494698,0.416274,0.964247,3.939699,6.380301,10.320001
7,23,0.000001,0.523529,0.436792,1.018273,4.080163,7.030760,11.110924
7,24,0.000001,0.485877,0.417080,0.961633,4.001869,6.982335,10.984203
7,25,0.000001,0.477843,0.421386,0.957996,4.054636,7.359982,11.414618
7,26,0.000002,0.473429,0.396565,0.942657,4.504645,7.213552,11.718197
7,27,0.000001,0.575383,0.463974,1.091426,4.575080,8.039648,12.614728
7,28,0.000001,0.549890,0.412114,1.047895,4.185076,7.116142,11.301219
7,29,0.000001,0.516863,0.438146,1.038151,5.252174,7.367568,12.619740
7,30,0.000001,0.469001,0.399564,0.932209,4.011746,7.207983,11.219728
7,31,0.000001,0.444975,0.402476,0.901656,4.464511,7.378374,11.842883
7,32,0.000001,0.491337,0.412950,0.946920,4.109155,7.196020,11.305174
7,33,0.000001,0.532287,0.438435,1.041763,3.990770,6.644111,10.634881
7,34,0.000001,0.554096,0.457246,1.096093,4.445424,7.303268,11.748693
7,35,0.000000,0.511993,0.437460,1.024727,4.522696,7.414809,11.937505
7,36,0.000001,0.489379,0.434998,0.992383,4.681515,7.265288,11.946803
8,0,0.000001,0.577814,0.452915,1.043081,4.535661,7.766936,12.302597
8,1,0.000000,0.499973,0.432196,0.998244,4.720356,7.534450,12.254806
8,2,0.000001,0.521163,0.445793,1.038613,3.717452,7.144419,10.861871
8,3,0.000000,0.433271,0.373478,0.890340,5.457601,7.110348,12.567949
8,4,0.000002,0.480514,0.405067,0.926878,3.930599,7.037575,10.968175
8,5,0.000001,0.531100,0.442088,1.020671,3.959083,6.997210,10.956293
8,6,0.000001,0.506636,0.424620,1.011363,3.684806,6.727273,10.412079
8,7,0.000001,0.551003,0.488048,1.109677,4.958344,6.967642,11.925986
8,8,0.000001,0.482024,0.428981,0.992180,3.570508,6.559590,10.130097
8,9,0.000001,0.537353,0.453458,1.047843,3.989900,7.007749,10.997649
8,10,0.000001,0.504796,0.457558,1.031881,4.301452,7.341285,11.642737
8,11,0.000001,0.496320,0.406826,0.974656,3.707071,6.532688,10.239758
8,12,0.000001,0.504401,0.440647,0.997739,3.708502,7.237069,10.945570
8,13,0.000001,0.500018,0.430262,1.013993,3.484361,5.908000,9.392362
8,14,0.000000,0.613430,0.413500,1.082494,4.174185,6.749097,10.923283
8,15,0.000001,0.528832,0.421593,1.004830,4.114720,7.066323,11.181043
8,16,0.000001,0.511866,0.455231,1.027961,4.360092,7.445599,11.805691
8,17,0.000002,0.520488,0.433577,1.048748,4.562788,7.463600,12.026386
8,18,0.000000,0.548939,0.430261,1.055210,3.195251,5.998931,9.194182
8,19,0.000001,0.513594,0.429138,1.023721,4.027812,7.095438,11.123249
8,20,0.000000,0.486619,0.420061,0.975796,4.347615,6.804718,11.152334
8,21,0.000001,0.534240,0.441636,1.053710,4.571146,7.367724,11.938869
8,22,0.000000,0.488996,0.417606,0.991019,3.409081,6.754585,10.163666
8,23,0.000001,0.508928,0.438523,1.015950,3.955425,7.095871,11.051296
8,24,0.000001,0.507978,0.428045,1.012863,3.683398,6.448232,10.131631
8,25,0.000001,0.497586,0.403605,0.974647,4.750089,7.388053,12.138143
8,26,0.000001,0.457431,0.426374,0.932833,3.436081,6.871677,10.307757
8,27,0.000001,0.499110,0.430722,0.988966,4.333384,6.816247,11.149630
8,28,0.000000,0.518677,0.444234,1.018946,4.192546,7.016562,11.209107
8,29,0.000001,0.513441,0.427585,1.008760,4.395962,7.277055,11.673017
8,30,0.000001,0.477408,0.420490,0.967071,3.569849,6.617257,10.187106
8,31,0.000001,0.563750,0.452933,1.106350,3.760212,7.314939,11.075152
8,32,0.000001,0.516116,0.467143,1.067260,3.831380,7.367180,11.198560
8,33,0.000001,0.536966,0.434868,1.060811,3.989315,7.127027,11.116341
8,34,0.000000,0.536682,0.424410,1.022925,4.285177,7.403865,11.689041
8,35,0.000001,0.558400,0.418919,1.042185,4.193011,7.284541,11.477552
8,36,0.000000,0.497896,0.406691,0.990804,4.543980,7.406473,11.950452
9,0,0.000001,0.557533,0.423706,0.989816,3.903322,6.990311,10.893633
9,1,0.000001,0.499578,0.433231,0.985371,3.652461,6.927066,10.579529
9,2,0.000001,0.492723,0.424098,0.986576,3.321017,6.000483,9.321500
9,3,0.000001,0.495017,0.405157,0.957252,3.889367,6.824708,10.714075
9,4,0.000001,0.506685,0.446933,1.015358,3.242366,6.056038,9.298405
9,5,0.000001,0.510029,0.446773,1.021446,3.893412,6.744437,10.637850
9,6,0.000001,0.508942,0.443317,1.020583,4.028977,6.634285,10.663263
9,7,0.000001,0.471955,0.425535,0.966029,4.349128,6.344182,10.693309
9,8,0.000001,0.520585,0.414999,0.993202,3.315372,5.930371,9.245743
9,9,0.000001,0.479925,0.401286,0.945074,2.972467,5.980837,8.953305
9,10,0.000001,0.510144,0.428039,0.999560,3.801652,6.841931,10.643581
9,11,0.000001,0.490655,0.410713,0.977730,4.124899,6.942177,11.067078
9,12,0.000001,0.515404,0.430147,1.019765,4.754137,7.439525,12.193662
9,13,0.000001,0.534991,0.470070,1.075165,4.305247,7.501692,11.806939
9,14,0.000001,0.490906,0.411269,0.987955,3.481661,6.295140,9.776802
9,15,0.000000,0.494840,0.412771,0.947374,3.420297,5.817012,9.237309
9,16,0.000001,0.551405,0.428652,1.044755,4.214332,7.633275,11.847607
9,17,0.000000,0.549275,0.426985,1.063376,4.672476,7.394166,12.066643
9,18,0.000001,0.495500,0.432569,1.008338,4.294120,7.576136,11.870256
9,19,0.000001,0.454417,0.398664,0.910221,3.693344,6.413324,10.106668
9,20,0.000001,0.426371,0.397417,0.871245,3.335237,6.493629,9.828865
9,21,0.000001,0.542407,0.455063,1.038638,3.746651,6.893587,10.640238
9,22,0.000001,0.631147,0.414045,1.120721,3.914080,6.863285,10.777365
9,23,0.000001,0.501689,0.440905,0.999740,4.378878,7.361026,11.739903
9,24,0.000001,0.489840,0.426693,0.985938,3.617151,6.649690,10.266840
9,25,0.000001,0.465033,0.421911,0.947874,4.127347,6.513978,10.641325
9,26,0.000001,0.510578,0.423107,0.975323,3.602047,6.659302,10.261349
9,27,0.000001,0.519990,0.435342,1.021156,3.810835,7.098138,10.908973
9,28,0.000001,0.483202,0.416334,0.966842,3.488905,6.072441,9.561345
9,29,0.000001,0.488005,0.438734,0.987930,4.286880,6.519407,10.806287
9,30,0.000001,0.490977,0.432618,0.988684,4.070933,7.147240,11.218173
9,31,0.000001,0.463779,0.434353,0.957934,4.028266,6.660277,10.688543
9,32,0.000000,0.489944,0.435921,0.978243,3.841929,6.710993,10.552922
9,33,0.000001,0.483918,0.454494,1.007888,4.276903,6.801878,11.078782
9,34,0.000000,0.507489,0.450705,1.027782,3.490609,6.833165,10.323774
9,35,0.000001,0.483759,0.447170,1.012419,3.642912,6.837415,10.480327
9,36,0.000002,0.506666,0.441014,1.021279,3.925772,6.828207,10.753980
10,0,0.000000,0.603518,0.475200,1.087419,3.815450,6.830959,10.646408
10,1,0.000001,0.533151,0.434569,1.051563,3.378254,5.985309,9.363563
10,2,0.000001,0.563795,0.448956,1.085207,3.632686,6.827975,10.460662
10,3,0.000001,0.467607,0.383990,0.930451,5.051763,7.406004,12.457767
10,4,0.000001,0.503345,0.428417,0.974361,3.724425,6.580840,10.305264
10,5,0.000001,0.545678,0.405645,1.020313,4.198515,6.658127,10.856643
10,6,0.000001,0.483628,0.433090,0.989558,3.517966,6.439884,9.957849
10,7,0.000000,0.524153,0.436135,1.028998,3.278832,6.032963,9.311796
10,8,0.000001,0.469838,0.391909,0.935307,3.703675,6.014716,9.718390
10,9,0.000000,0.496812,0.443768,0.981907,3.381249,6.891920,10.273169
10,10,0.000001,0.514507,0.439036,1.036183,3.348452,6.541683,9.890135
10,11,0.000001,0.482952,0.428380,0.969614,3.307219,5.859847,9.167066
10,12,0.000001,0.491957,0.424624,0.980735,3.861099,6.574290,10.435390
10,13,0.000001,0.484756,0.438329,0.993943,3.953351,6.662426,10.615776
10,14,0.000001,0.515955,0.449807,1.015915,3.038440,6.021536,9.059977
10,15,0.000001,0.570097,0.427324,1.065657,3.349861,5.826215,9.176075
10,16,0.000000,0.466446,0.419285,0.951591,3.205792,6.275627,9.481420
10,17,0.000001,0.528377,0.446775,1.030742,4.271774,7.031897,11.303672
10,18,0.000001,0.511463,0.452351,1.036314,4.089748,6.941005,11.030752
10,19,0.000001,0.446169,0.382685,0.899739,3.866211,6.694055,10.560267
10,20,0.000001,0.449646,0.384009,0.865644,3.807379,6.296079,10.103460
10,21,0.000001,0.516410,0.441536,0.999769,4.295354,6.810828,11.106182
10,22,0.000001,0.524481,0.446860,1.031781,3.886196,7.195392,11.081589
10,23,0.000001,0.484879,0.433675,1.000416,3.532049,6.915872,10.447921
10,24,0.000001,0.513872,0.440114,1.016066,3.356246,6.843759,10.200006
10,25,0.000001,0.603932,0.433740,1.111473,3.543504,6.133647,9.677151
10,26,0.000000,0.527379,0.427929,1.009291,3.341386,6.143468,9.484854
10,27,0.000001,0.468266,0.400343,0.938147,3.302218,5.640367,8.942585
10,28,0.000001,0.528659,0.441850,1.016787,3.452753,6.318078,9.770830
10,29,0.000001,0.545973,0.421760,1.056537,3.790444,7.107548,10.897992
10,30,0.000000,0.527732,0.441510,1.047854,4.010746,7.030298,11.041043
10,31,0.000001,0.498673,0.401528,0.992791,3.833805,6.375885,10.209690
10,32,0.000000,0.521779,0.416612,0.988678,3.375428,6.353966,9.729393
10,33,0.000001,0.513901,0.430530,1.013625,3.682352,6.655367,10.337717
10,34,0.000000,0.474390,0.414765,0.950447,2.819716,5.387630,8.207347
10,35,0.000001,0.506171,0.434374,0.980869,4.041067,6.777897,10.818966
10,36,0.000001,0.521077,0.455187,1.039715,4.218450,6.902572,11.121022
11,0,0.000001,0.602103,0.480778,1.091276,3.751188,6.798618,10.549807
11,1,0.000000,0.475019,0.445808,1.009599,3.474938,5.783574,9.258512
11,2,0.000001,0.546375,0.420098,1.022942,3.166843,5.965739,9.132582
11,3,0.000001,0.484661,0.438653,0.975082,3.196828,5.643581,8.840408
11,4,0.000001,0.486375,0.429187,0.982260,3.755211,6.618263,10.373475
11,5,0.000001,0.479658,0.396887,0.945826,4.167741,6.182831,10.350572
11,6,0.000000,0.550792,0.477199,1.081494,3.723619,6.430083,10.153703
11,7,0.000001,0.518960,0.440984,1.036278,3.179786,6.275869,9.455656
11,8,0.000001,0.499262,0.431412,1.005751,3.669854,6.675261,10.345115
11,9,0.000000,0.470854,0.420174,0.960538,3.902356,6.186321,10.088677
11,10,0.000001,0.495133,0.432278,0.985401,3.139487,6.098451,9.237938
11,11,0.000000,0.482966,0.429972,0.982923,3.194701,5.710927,8.905628
11,12,0.000001,0.507153,0.454578,1.018988,3.259797,6.037491,9.297287
11,13,0.000000,0.489764,0.432227,0.985763,3.522746,6.173387,9.696133
11,14,0.000001,0.556250,0.444099,1.065012,3.341333,6.367203,9.708535
11,15,0.000000,0.525851,0.415205,1.019897,2.804411,6.125015,8.929426
11,16,0.000001,0.478229,0.417749,0.964871,3.054500,5.941281,8.995782
11,17,0.000001,0.500469,0.399144,0.961985,3.275797,5.794201,9.069998
11,18,0.000001,0.498341,0.419557,0.976433,3.371807,6.195153,9.566959
11,19,0.000001,0.469373,0.410790,0.950083,4.415590,7.045042,11.460632
11,20,0.000001,0.511298,0.423000,0.991458,3.997694,7.021907,11.019600
11,21,0.000000,0.473695,0.416062,0.961032,3.643904,6.347821,9.991726
11,22,0.000001,0.487119,0.431896,0.979109,3.718071,6.749298,10.467369
11,23,0.000000,0.466504,0.397273,0.936760,3.605915,6.668833,10.274748
11,24,0.000001,0.472613,0.402644,0.910518,3.895252,6.474642,10.369893
11,25,0.000001,0.489795,0.421571,0.958658,3.363966,6.305439,9.669405
11,26,0.000001,0.520643,0.460931,1.044417,4.599409,7.689696,12.289107
11,27,0.000001,0.604339,0.410504,1.090181,2.671888,5.724000,8.395888
11,28,0.000001,0.495489,0.417494,0.961424,3.291455,6.443186,9.734641
11,29,0.000000,0.508859,0.433108,0.997836,3.398352,6.128803,9.527155
11,30,0.000001,0.536591,0.437953,1.056001,3.025080,6.276689,9.301769
11,31,0.000000,0.536183,0.418709,1.026901,4.035001,6.063570,10.098571
11,32,0.000001,0.498016,0.409337,0.973008,2.870966,5.419207,8.290173
11,33,0.000000,0.504861,0.411082,0.964043,3.323999,6.020435,9.344433
11,34,0.000001,0.515322,0.442272,1.033258,3.695913,6.573078,10.268991
11,35,0.000001,0.475701,0.390695,0.954069,2.714766,5.584533,8.299299
11,36,0.000001,0.539491,0.439533,1.036452,3.420627,5.967607,9.388233
12,0,0.000001,0.636173,0.459591,1.104860,3.838360,6.442180,10.280540
12,1,0.000001,0.504061,0.420859,1.014371,3.188586,5.928799,9.117386
12,2,0.000001,0.482559,0.404310,0.940570,3.737332,6.563608,10.300939
12,3,0.000000,0.507891,0.388299,0.951506,3.293791,5.775705,9.069497
12,4,0.000001,0.491909,0.417381,0.958410,3.686222,6.481869,10.168091
12,5,0.000001,0.485054,0.398441,0.936976,3.424975,6.127789,9.552766
12,6,0.000001,0.485660,0.410334,0.947484,2.949346,5.738851,8.688196
12,7,0.000001,0.520698,0.414493,0.994208,3.278741,5.849446,9.128187
12,8,0.000001,0.535594,0.461378,1.062837,4.257151,6.876786,11.133937
12,9,0.000000,0.530079,0.429273,1.037899,3.530400,5.964180,9.494580
12,10,0.000001,0.511044,0.435469,1.017765,3.117829,5.378796,8.496625
12,11,0.000001,0.530285,0.445390,1.030781,3.297064,6.104907,9.401970
12,12,0.000001,0.518638,0.439526,1.046753,3.361709,6.431197,9.792907
12,13,0.000000,0.494545,0.429115,0.983625,2.989930,5.949268,8.939198
12,14,0.000002,0.557523,0.479091,1.106535,4.152617,6.967962,11.120578
12,15,0.000000,0.501084,0.439629,1.032476,3.064459,5.730048,8.794507
12,16,0.000001,0.507483,0.420656,0.996963,2.548560,5.037356,7.585917
12,17,0.000001,0.552629,0.435404,1.042466,3.384976,6.777717,10.162694
12,18,0.000000,0.480654,0.392895,0.976776,3.130947,5.943053,9.073999
12,19,0.000001,0.482736,0.422646,0.933182,3.182288,5.569308,8.751595
12,20,0.000001,0.549781,0.456580,1.068485,3.777141,6.571503,10.348643
12,21,0.000001,0.524466,0.456747,1.068394,3.521729,6.151407,9.673137
12,22,0.000001,0.546540,0.458144,1.100015,3.292415,6.153430,9.445845
12,23,0.000001,0.502899,0.429809,1.015150,3.525463,6.231474,9.756936
12,24,0.000001,0.519956,0.434730,1.034064,3.341455,5.856460,9.197913
12,25,0.000001,0.532219,0.466091,1.058918,3.962494,6.918784,10.881277
12,26,0.000001,0.521188,0.414383,1.023399,3.079091,5.731270,8.810362
12,27,0.000001,0.536402,0.450504,1.043611,3.407763,6.425993,9.833757
12,28,0.000001,0.502680,0.408970,1.004638,3.108001,5.666647,8.774650
12,29,0.000001,0.532989,0.440548,1.042649,2.994938,5.937864,8.932803
12,30,0.000001,0.524004,0.436497,1.041325,2.614603,5.253408,7.868011
12,31,0.000001,0.540880,0.451344,1.075320,2.805583,5.606174,8.411757
12,32,0.000000,0.505822,0.421283,0.981444,2.676065,5.376917,8.052982
12,33,0.000001,0.522175,0.410616,0.994530,3.303452,5.827680,9.131131
12,34,0.000001,0.526470,0.430216,1.006366,2.733716,5.520744,8.254460
12,35,0.000001,0.509998,0.416841,0.998842,3.855672,6.936870,10.792542
12,36,0.000001,0.572366,0.423881,1.070655,2.668352,5.271039,7.939390
13,0,0.000001,0.609193,0.476390,1.094285,3.027902,6.356093,9.383996
13,1,0.000001,0.594702,0.480170,1.176315,3.190207,5.922339,9.112546
13,2,0.000000,0.530156,0.440297,1.052051,2.890829,5.839596,8.730425
13,3,0.000001,0.518562,0.439962,1.028480,2.387063,5.282214,7.669277
13,4,0.000001,0.594968,0.462382,1.124265,3.709536,6.426290,10.135825
13,5,0.000001,0.537620,0.471441,1.085160,3.444563,6.367623,9.812187
13,6,0.000001,0.541399,0.430949,1.047374,3.326167,5.960836,9.287004
13,7,0.000001,0.528732,0.463349,1.066496,3.384346,6.393760,9.778106
13,8,0.000000,0.486157,0.428372,0.993544,3.116951,5.827385,8.944337
13,9,0.000001,0.521115,0.441890,1.031090,3.139204,6.020691,9.159894
13,10,0.000001,0.512358,0.416475,0.991987,3.102731,5.947374,9.050104
13,11,0.000001,0.499118,0.431908,1.000763,2.706648,5.495941,8.202589
13,12,0.000001,0.498191,0.424340,0.991834,2.664331,5.668518,8.332848
13,13,0.000001,0.527833,0.427519,1.012012,3.192013,6.114854,9.306868
13,14,0.000001,0.525187,0.426014,1.030661,2.563939,5.118902,7.682841
13,15,0.000000,0.503342,0.423902,0.994214,3.141539,5.998563,9.140102
13,16,0.000001,0.546105,0.400864,1.001993,3.007987,5.818760,8.826748
13,17,0.000001,0.526451,0.396229,0.981410,3.024176,5.498323,8.522499
13,18,0.000001,0.507477,0.415499,0.997818,3.140046,5.393797,8.533843
13,19,0.000000,0.477700,0.403575,0.951693,3.244599,5.915847,9.160445
13,20,0.000001,0.512940,0.399303,0.958148,2.728001,5.552126,8.280127
13,21,0.000001,0.546635,0.437713,1.029530,2.862988,5.476981,8.339968
13,22,0.000001,0.484825,0.408581,0.968615,3.015831,5.840137,8.855968
13,23,0.000001,0.528357,0.439755,1.019870,3.090823,5.617136,8.707960
13,24,0.000001,0.505785,0.432947,1.012735,3.091392,5.569578,8.660970
13,25,0.000001,0.488879,0.422662,0.968704,3.200018,6.184012,9.384031
13,26,0.000001,0.470170,0.397753,0.934457,3.291004,6.000310,9.291314
13,27,0.000001,0.460715,0.407129,0.914974,2.823557,5.410919,8.234476
13,28,0.000001,0.524656,0.446921,1.020690,3.469419,6.006408,9.475828
13,29,0.000001,0.539326,0.448206,1.064970,2.678448,5.457692,8.136140
13,30,0.000001,0.496117,0.441241,1.005921,2.644959,5.120173,7.765131
13,31,0.000000,0.500220,0.431019,0.980132,3.153500,5.670310,8.823810
13,32,0.000001,0.489943,0.424568,0.967433,2.362112,4.581951,6.944063
13,33,0.000001,0.512591,0.436451,0.996390,2.085607,4.498666,6.584272
13,34,0.000001,0.543153,0.457400,1.066693,3.719742,6.325632,10.045373
13,35,0.000000,0.506431,0.429952,1.018558,3.645126,6.248478,9.893603
13,36,0.000001,0.523032,0.449086,1.043912,3.141688,5.829200,8.970888
14,0,0.000001,0.522573,0.415955,0.939279,3.176932,6.017169,9.194101
14,1,0.000001,0.483303,0.425370,0.957875,2.670749,4.957639,7.628388
14,2,0.000001,0.506468,0.403259,0.962608,3.514425,5.949825,9.464251
14,3,0.000001,0.512374,0.392509,0.971246,2.548756,5.308589,7.857344
14,4,0.000001,0.504714,0.401740,0.976259,2.810577,5.237398,8.047976
14,5,0.000000,0.485147,0.404641,0.958933,2.951137,5.616838,8.567975
14,6,0.000001,0.547662,0.437327,1.042972,3.813863,6.296555,10.110418
14,7,0.000000,0.580238,0.429986,1.096029,3.473938,6.417093,9.891031
14,8,0.000001,0.478297,0.413676,0.974171,3.009663,6.350164,9.359827
14,9,0.000000,0.485799,0.421503,0.972799,3.332231,6.037889,9.370121
14,10,0.000001,0.524623,0.472712,1.074026,3.618907,5.497914,9.116821
14,11,0.000001,0.515555,0.430349,1.029477,2.904479,5.201324,8.105803
14,12,0.000001,0.546642,0.445878,1.072251,3.113267,6.440084,9.553351
14,13,0.000000,0.504355,0.423342,0.997167,2.820776,5.077193,7.897969
14,14,0.000001,0.495461,0.464785,1.028084,2.845332,5.488305,8.333635
14,15,0.000000,0.523480,0.420093,1.017912,2.793192,5.124102,7.917294
14,16,0.000001,0.487674,0.428706,0.974692,2.544937,4.931846,7.476782
14,17,0.000001,0.513938,0.452617,1.008569,2.632017,5.296751,7.928768
14,18,0.000001,0.544533,0.476190,1.104990,3.637461,6.544777,10.182240
14,19,0.000000,0.558120,0.450872,1.095965,2.630121,4.943300,7.573422
14,20,0.000001,0.472425,0.405747,0.937979,2.858843,5.426599,8.285441
14,21,0.000001,0.477698,0.407323,0.936491,3.274822,5.618084,8.892906
14,22,0.000001,0.492137,0.439005,0.989257,3.335886,6.119908,9.455793
14,23,0.000001,0.520047,0.445909,1.029298,2.500400,4.534147,7.034547
14,24,0.000001,0.485280,0.440834,1.006985,2.787287,5.515417,8.302705
14,25,0.000000,0.460273,0.397246,0.913390,3.048241,5.575668,8.623908
14,26,0.000001,0.528421,0.426899,0.994215,3.265016,5.418000,8.683016
14,27,0.000001,0.450132,0.406297,0.913418,3.074146,5.758969,8.833115
14,28,0.000001,0.493320,0.407931,0.940177,2.425464,4.643744,7.069208
14,29,0.000001,0.504427,0.441703,1.001991,2.974750,5.546561,8.521312
14,30,0.000001,0.465693,0.416369,0.942849,2.385519,5.031724,7.417242
14,31,0.000001,0.528935,0.460142,1.043156,3.274754,6.186644,9.461397
14,32,0.000001,0.529623,0.444861,1.059147,2.718443,5.318758,8.037200
14,33,0.000000,0.504292,0.423180,0.998229,2.538060,5.102129,7.640188
14,34,0.000001,0.489478,0.446322,1.001630,2.973617,5.603146,8.576763
14,35,0.000000,0.452100,0.391575,0.919985,2.882159,5.670799,8.552959
14,36,0.000001,0.511813,0.426689,0.987908,3.405292,6.107350,9.512642
15,0,0.000001,0.539019,0.429665,0.977490,2.898178,5.192709,8.090888
15,1,0.000000,0.489591,0.409034,0.975592,2.631814,5.404495,8.036308
15,2,0.000001,0.488741,0.424183,0.976861,2.621887,5.283637,7.905524
15,3,0.000000,0.500964,0.408214,0.958108,2.298387,4.588457,6.886843
15,4,0.000001,0.523771,0.455414,1.043017,3.533397,6.278926,9.812323
15,5,0.000000,0.532402,0.427702,1.047089,2.757605,5.498860,8.256466
15,6,0.000001,0.458091,0.394881,0.918676,2.250375,4.859158,7.109533
15,7,0.000001,0.498546,0.465484,1.009650,3.519317,6.082668,9.601986
15,8,0.000001,0.495660,0.444785,1.025916,2.996896,5.653829,8.650725
15,9,0.000000,0.482576,0.418905,0.957808,2.800468,4.895128,7.695596
15,10,0.000001,0.514813,0.429336,1.000015,3.124819,5.920622,9.045440
15,11,0.000001,0.485181,0.407951,0.958728,2.348602,5.124256,7.472857
15,12,0.000001,0.487355,0.423581,0.967473,2.897685,5.649175,8.546860
15,13,0.000000,0.499470,0.410985,0.978502,3.080409,5.582311,8.662721
15,14,0.000001,0.518715,0.413136,0.989718,2.937954,5.555578,8.493533
15,15,0.000001,0.631383,0.428771,1.120890,3.615673,6.578002,10.193676
15,16,0.000001,0.495317,0.414849,1.002063,2.084965,4.800830,6.885796
15,17,0.000001,0.483783,0.404906,0.948521,2.784039,4.686297,7.470337
15,18,0.000001,0.473453,0.417495,0.950684,2.653313,5.142816,7.796129
15,19,0.000000,0.466777,0.411662,0.941314,2.690075,5.119234,7.809309
15,20,0.000001,0.491523,0.440234,1.002494,2.918543,5.147455,8.065998
15,21,0.000001,0.477480,0.413598,0.956132,2.331157,5.301170,7.632327
15,22,0.000001,0.503644,0.445015,1.005440,2.775949,5.114816,7.890764
15,23,0.000001,0.478862,0.404301,0.961804,2.764579,5.594322,8.358902
15,24,0.000001,0.495813,0.451769,1.009415,2.734408,4.876621,7.611030
15,25,0.000000,0.504163,0.427715,1.000616,2.264527,4.540272,6.804800
15,26,0.000001,0.492794,0.426625,0.998553,2.503213,5.201463,7.704676
15,27,0.000001,0.504031,0.429070,0.999604,2.851500,5.604329,8.455829
15,28,0.000001,0.477655,0.425398,0.982184,2.716309,5.054691,7.771000
15,29,0.000000,0.462618,0.422905,0.944692,2.983195,5.101753,8.084949
15,30,0.000001,0.515610,0.426123,1.006593,2.544766,5.009091,7.553857
15,31,0.000001,0.500045,0.440181,1.009846,3.501783,6.143085,9.644868
15,32,0.000001,0.521921,0.440659,1.011105,2.518768,4.823489,7.342257
15,33,0.000000,0.467641,0.388000,0.915762,2.938849,5.523474,8.462321
15,34,0.000001,0.497781,0.442916,0.978858,2.631136,5.344080,7.975216
15,35,0.000000,0.463706,0.398744,0.934223,3.056756,5.931975,8.988731
15,36,0.000001,0.550792,0.454548,1.063510,3.139008,6.150647,9.289654
16,0,0.000001,0.518584,0.413797,0.933076,2.726911,5.596552,8.323462
16,1,0.000000,0.457221,0.400023,0.890497,2.520679,5.384928,7.905607
16,2,0.000001,0.476691,0.428394,0.958927,2.949675,5.271311,8.220985
16,3,0.000001,0.543177,0.454748,1.053850,2.741564,5.080765,7.822328
16,4,0.000001,0.488724,0.428700,0.992695,2.792244,4.831254,7.623498
16,5,0.000001,0.518471,0.453526,1.018614,2.176071,4.867554,7.043625
16,6,0.000001,0.519562,0.410039,0.992210,2.593889,5.421275,8.015163
16,7,0.000001,0.532867,0.443186,1.061426,2.853795,5.191000,8.044794
16,8,0.000001,0.526462,0.441090,1.042248,2.983523,5.649137,8.632660
16,9,0.000001,0.531556,0.456248,1.074707,2.949516,5.800127,8.749641
16,10,0.000001,0.511702,0.448781,1.047287,3.565911,6.101590,9.667501
16,11,0.000001,0.482751,0.434464,0.999695,3.040503,5.864972,8.905475
16,12,0.000000,0.481030,0.406711,0.960413,2.477766,4.632823,7.110590
16,13,0.000001,0.545514,0.459501,1.070012,3.115295,5.492909,8.608205
16,14,0.000001,0.500789,0.422272,0.998423,2.537477,4.808485,7.345962
16,15,0.000001,0.527242,0.431354,1.028789,3.586825,5.992284,9.579110
16,16,0.000000,0.477220,0.402344,0.943585,2.713130,5.324500,8.037630
16,17,0.000001,0.488418,0.444334,0.980605,3.231817,5.513964,8.745781
16,18,0.000001,0.538625,0.441391,1.043039,3.058717,5.778670,8.837387
16,19,0.000001,0.499392,0.424831,1.004051,2.391871,4.690237,7.082108
16,20,0.000000,0.500091,0.439298,1.007680,2.905921,5.312488,8.218410
16,21,0.000001,0.540352,0.447688,1.060725,3.665168,6.137862,9.803031
16,22,0.000001,0.619054,0.421294,1.104950,2.390072,4.848654,7.238726
16,23,0.000001,0.478390,0.410022,0.954977,2.733491,5.334538,8.068028
16,24,0.000000,0.501135,0.415084,0.964092,2.263590,4.735771,6.999360
16,25,0.000001,0.551939,0.447910,1.076465,2.078868,4.373219,6.452088
16,26,0.000001,0.546591,0.460218,1.080462,2.719548,5.142700,7.862249
16,27,0.000001,0.468826,0.420402,0.975413,2.328544,4.679880,7.008424
16,28,0.000001,0.535629,0.431975,1.010444,2.454716,5.331276,7.785992
16,29,0.000001,0.504374,0.451444,1.027575,2.774803,5.364270,8.139072
16,30,0.000001,0.496899,0.429204,0.999471,3.095520,5.655398,8.750916
16,31,0.000001,0.471547,0.423658,0.958407,3.013329,5.660480,8.673809
16,32,0.000001,0.558661,0.440637,1.069491,2.999751,5.164038,8.163790
16,33,0.000001,0.516704,0.429803,1.033306,2.492454,4.850265,7.342718
16,34,0.000001,0.505253,0.447214,1.010382,2.236896,4.416996,6.653892
16,35,0.000000,0.469376,0.404987,0.923539,2.609820,5.171422,7.781242
16,36,0.000001,0.501304,0.448198,1.004505,2.333056,4.664761,6.997817
17,0,0.000001,0.509426,0.409773,0.919909,3.539198,5.764184,9.303382
17,1,0.000001,0.520828,0.439652,1.004454,2.139419,4.693264,6.832684
17,2,0.000001,0.504406,0.437756,1.020597,2.103458,4.391443,6.494902
17,3,0.000001,0.553449,0.460981,1.089997,2.690706,5.336232,8.026939
17,4,0.000001,0.512347,0.416311,1.024001,2.281325,4.763398,7.044724
17,5,0.000001,0.492225,0.410537,0.968141,2.338417,4.474492,6.812908
17,6,0.000000,0.488452,0.406777,0.948982,2.318089,4.521602,6.839691
17,7,0.000001,0.545612,0.435535,1.047959,2.576731,5.066167,7.642899
17,8,0.000001,0.579018,0.444734,1.092492,2.842325,5.229560,8.071886
17,9,0.000001,0.526877,0.437109,1.040776,2.948247,5.445006,8.393253
17,10,0.000001,0.537710,0.427094,1.045851,2.943847,5.791989,8.735835
17,11,0.000001,0.533764,0.445189,1.056654,2.899862,5.541194,8.441055
17,12,0.000001,0.515099,0.409550,1.003258,2.448087,4.729414,7.177502
17,13,0.000000,0.491569,0.380139,0.918419,2.490048,5.230469,7.720518
17,14,0.000001,0.509467,0.410518,0.973039,2.827593,4.886608,7.714200
17,15,0.000000,0.544949,0.405969,1.010652,3.084534,5.815088,8.899623
17,16,0.000001,0.453122,0.374848,0.876478,3.125515,5.309139,8.434654
17,17,0.000001,0.513803,0.436886,1.009542,2.884813,5.358523,8.243336
17,18,0.000001,0.534498,0.428794,1.031735,2.619441,4.873550,7.492992
17,19,0.000000,0.539365,0.430987,1.060294,2.911613,5.404695,8.316308
17,20,0.000001,0.558934,0.434550,1.080709,2.968983,5.597045,8.566029
17,21,0.000001,0.550236,0.428940,1.055398,2.869884,5.139137,8.009021
17,22,0.000000,0.497595,0.415816,0.982010,3.515849,6.063018,9.578867
17,23,0.000001,0.469334,0.402782,0.943392,2.702737,5.244323,7.947059
17,24,0.000001,0.535709,0.423229,1.013619,2.495404,4.723644,7.219049
17,25,0.000001,0.497884,0.400355,0.965370,2.393390,4.897494,7.290884
17,26,0.000001,0.495393,0.401775,0.956429,2.852945,5.294355,8.147300
17,27,0.000001,0.517713,0.433561,1.003563,2.896479,5.353310,8.249789
17,28,0.000001,0.486333,0.401341,0.942534,2.518520,4.961997,7.480517
17,29,0.000001,0.468716,0.389796,0.909974,2.926089,5.498016,8.424105
17,30,0.000001,0.530517,0.428387,1.006485,2.052197,4.336902,6.389099
17,31,0.000000,0.448068,0.377432,0.901673,3.827882,6.209324,10.037207
17,32,0.000001,0.518410,0.426714,0.979963,2.725025,5.188262,7.913286
17,33,0.000000,0.503039,0.411772,0.996510,2.459962,4.926152,7.386113
17,34,0.000001,0.501639,0.432081,1.005396,3.277780,5.850203,9.127983
17,35,0.000001,0.501689,0.405182,0.974893,2.334486,4.681938,7.016424
17,36,0.000001,0.659026,0.416178,1.148434,2.646666,5.049194,7.695861
18,0,0.000000,0.528469,0.418325,0.947486,2.186480,4.168553,6.355033
18,1,0.000001,0.501638,0.427092,0.981384,2.585980,4.993414,7.579394
18,2,0.000001,0.535735,0.423469,1.020664,2.366592,4.356171,6.722763
18,3,0.000001,0.474918,0.415615,0.948307,2.632165,5.123474,7.755639
18,4,0.000001,0.509860,0.438555,1.009722,2.571246,4.982639,7.553885
18,5,0.000001,0.511581,0.453497,1.037410,2.445985,4.921293,7.367278
18,6,0.000001,0.501154,0.430776,1.000437,2.293515,4.481379,6.774894
18,7,0.000001,0.481275,0.421355,0.970983,2.408111,4.869633,7.277743
18,8,0.000001,0.544199,0.437917,1.051819,2.538584,5.016303,7.554887
18,9,0.000001,0.508412,0.413249,1.000002,2.875891,5.345675,8.221565
18,10,0.000001,0.481297,0.424256,0.967412,1.859554,3.914237,5.773791
18,11,0.000000,0.487876,0.426824,0.964882,1.937549,4.719810,6.657360
18,12,0.000001,0.517439,0.469018,1.046403,2.640100,5.429455,8.069555
18,13,0.000000,0.493326,0.447959,1.030872,2.195330,4.040363,6.235693
18,14,0.000001,0.526690,0.437176,1.022071,2.803523,5.393498,8.197021
18,15,0.000000,0.507247,0.399053,0.963362,2.050497,4.626746,6.677242
18,16,0.000001,0.464303,0.395142,0.911076,3.281337,4.935396,8.216733
18,17,0.000001,0.484246,0.431561,0.950078,2.734084,5.301253,8.035337
18,18,0.000001,0.477750,0.403425,0.942101,2.137514,4.624356,6.761870
18,19,0.000001,0.502755,0.421244,0.972243,2.542434,4.769118,7.311551
18,20,0.000001,0.470783,0.383967,0.927175,2.955236,5.978341,8.933578
18,21,0.000001,0.506549,0.439503,0.995118,2.636322,4.930189,7.566510
18,22,0.000001,0.536293,0.447994,1.056188,2.407204,4.112061,6.519264
18,23,0.000001,0.572004,0.437438,1.067294,2.020477,4.533168,6.553646
18,24,0.000001,0.471190,0.409588,0.935747,2.497013,4.675645,7.172659
18,25,0.000001,0.474512,0.436959,0.952358,2.677820,5.068746,7.746566
18,26,0.000001,0.504382,0.437742,0.999526,2.481318,4.864794,7.346112
18,27,0.000001,0.476509,0.412279,0.961296,2.228443,4.435009,6.663451
18,28,0.000001,0.511508,0.460873,1.033141,2.918933,5.649582,8.568515
18,29,0.000001,0.558546,0.469628,1.113189,2.509462,5.354523,7.863984
18,30,0.000001,0.517579,0.456211,1.060408,2.513563,5.139281,7.652843
18,31,0.000001,0.490585,0.423652,0.999935,2.975744,5.765528,8.741273
18,32,0.000001,0.506338,0.454395,1.035161,3.025784,5.696409,8.722193
18,33,0.000001,0.506453,0.453411,1.035066,2.679694,5.207997,7.887691
18,34,0.000001,0.503996,0.450345,1.033793,2.789837,5.804639,8.594476
18,35,0.000001,0.492939,0.423918,0.981635,2.194616,4.754056,6.948672
18,36,0.000001,0.532125,0.414392,1.006913,2.820434,5.531551,8.351987
19,0,0.000001,0.567181,0.427738,1.003725,2.522498,4.605490,7.127987
19,1,0.000001,0.475875,0.414501,0.953217,2.672764,4.772574,7.445339
19,2,0.000001,0.458149,0.387467,0.887913,2.997532,4.962001,7.959533
19,3,0.000001,0.511239,0.427484,0.973955,2.602929,5.324579,7.927508
19,4,0.000001,0.503402,0.438607,1.009838,2.947862,5.939572,8.887435
19,5,0.000001,0.505065,0.450888,1.031215,2.546576,5.035211,7.581787
19,6,0.000001,0.492174,0.441291,1.006522,2.182916,4.807596,6.990512
19,7,0.000001,0.501049,0.411020,0.972715,2.374226,4.710341,7.084567
19,8,0.000001,0.504739,0.409899,0.973989,2.722529,5.140469,7.862997
19,9,0.000001,0.528296,0.431300,1.020211,2.371052,4.544860,6.915912
19,10,0.000001,0.531684,0.440222,1.044950,2.188437,4.853666,7.042103
19,11,0.000001,0.522901,0.423861,1.018745,2.259299,4.857259,7.116558
19,12,0.000001,0.608515,0.430966,1.105733,2.535868,5.115072,7.650939
19,13,0.000001,0.510628,0.440866,1.019135,3.099558,5.667044,8.766602
19,14,0.000001,0.462562,0.405421,0.938627,2.311101,4.825804,7.136906
19,15,0.000001,0.482406,0.413732,0.933010,2.156775,4.277048,6.433823
19,16,0.000001,0.530762,0.444443,1.029576,2.622489,4.730287,7.352777
19,17,0.000000,0.549105,0.446447,1.070358,2.823398,5.729300,8.552698
19,18,0.000001,0.521513,0.447989,1.043180,2.405312,4.999182,7.404495
19,19,0.000001,0.483649,0.419720,0.983449,2.508679,4.718403,7.227082
19,20,0.000001,0.492073,0.432411,0.986077,2.325673,4.866407,7.192080
19,21,0.000001,0.537582,0.451019,1.039504,2.869549,5.171032,8.040582
19,22,0.000001,0.515461,0.467649,1.072129,2.391619,5.058596,7.450216
19,23,0.000000,0.504495,0.432291,1.021636,2.554845,4.656055,7.210901
19,24,0.000001,0.472738,0.424810,0.969151,2.752776,5.370991,8.123768
19,25,0.000001,0.475339,0.422930,0.959230,2.259357,4.276556,6.535913
19,26,0.000001,0.572099,0.456511,1.103210,2.416283,5.211120,7.627404
19,27,0.000000,0.517102,0.459189,1.051323,2.635604,5.000915,7.636518
19,28,0.000001,0.507456,0.441546,1.030624,1.921880,4.322404,6.244283
19,29,0.000000,0.503145,0.428366,0.996906,2.557494,4.612948,7.170442
19,30,0.000001,0.496562,0.427354,0.993177,2.547449,4.367529,6.914978
19,31,0.000001,0.465204,0.394553,0.914579,3.011040,5.180766,8.191806
19,32,0.000000,0.541370,0.438834,1.021736,1.870326,4.137691,6.008018
19,33,0.000001,0.500416,0.447176,1.013342,1.984717,4.120834,6.105551
19,34,0.000001,0.513694,0.412584,1.006958,2.546030,4.913330,7.459359
19,35,0.000000,0.456661,0.395406,0.917711,1.982463,4.711566,6.694030
19,36,0.000001,0.511542,0.460417,1.027230,2.683461,5.174656,7.858117
20,0,0.000001,0.530093,0.444122,0.982756,2.080790,4.133148,6.213938
20,1,0.000000,0.504712,0.399310,0.955818,2.269652,4.615252,6.884903
20,2,0.000001,0.484791,0.414990,0.953592,1.743417,3.887914,5.631330
20,3,0.000001,0.532598,0.408250,0.991381,2.144106,4.636695,6.780800
20,4,0.000001,0.502460,0.433228,0.993774,2.387113,4.359091,6.746204
20,5,0.000000,0.467942,0.416857,0.940366,1.817546,3.538009,5.355555
20,6,0.000001,0.490690,0.408843,0.961743,2.287304,4.556654,6.843959
20,7,0.000000,0.497653,0.408735,0.970219,2.670593,4.946220,7.616813
20,8,0.000001,0.507947,0.423473,0.993859,2.254661,4.894871,7.149532
20,9,0.000000,0.487975,0.412029,0.966957,2.295183,4.955109,7.250291
20,10,0.000001,0.498673,0.420711,0.992931,2.216467,4.533747,6.750215
20,11,0.000000,0.523761,0.437596,1.018876,2.371136,4.743086,7.114222
20,12,0.000001,0.493365,0.443700,1.008441,2.098980,4.716135,6.815114
20,13,0.000001,0.516787,0.428735,1.004014,3.030867,5.422184,8.453051
20,14,0.000001,0.503496,0.423528,1.005704,2.198561,4.564035,6.762596
20,15,0.000001,0.542125,0.475918,1.090377,3.181691,5.117268,8.298958
20,16,0.000000,0.464618,0.414889,0.968032,2.249502,4.966002,7.215503
20,17,0.000001,0.513094,0.430241,1.001774,2.039715,4.309876,6.349591
20,18,0.000001,0.533511,0.432643,1.033031,2.503653,4.893892,7.397545
20,19,0.000001,0.544021,0.428582,1.042502,2.971380,5.955677,8.927057
20,20,0.000000,0.469601,0.394378,0.930732,2.366456,4.443994,6.810450
20,21,0.000001,0.523339,0.416435,0.989617,2.035069,4.005830,6.040899
20,22,0.000000,0.552352,0.420996,1.035703,2.443172,4.931106,7.374278
20,23,0.000001,0.542037,0.430847,1.052116,2.380502,4.849481,7.229982
20,24,0.000000,0.606407,0.389511,1.063764,2.838326,4.877394,7.715721
20,25,0.000001,0.480272,0.410751,0.959814,2.190627,4.150635,6.341262
20,26,0.000001,0.494655,0.417470,0.965282,2.497736,4.712927,7.210663
20,27,0.000001,0.515475,0.437865,1.047716,2.297089,4.757181,7.054270
20,28,0.000000,0.472303,0.401801,0.943914,2.045319,4.372607,6.417926
20,29,0.000001,0.525419,0.421616,1.005502,2.710080,5.054077,7.764158
20,30,0.000000,0.504788,0.431816,1.005680,2.483937,4.834232,7.318169
20,31,0.000001,0.474386,0.429617,0.994479,2.384178,4.778896,7.163075
20,32,0.000001,0.475659,0.412489,0.959476,2.477610,4.457935,6.935546
20,33,0.000001,0.515094,0.444846,1.035662,2.487215,5.039016,7.526231
20,34,0.000000,0.492106,0.438257,1.002203,2.477410,4.618752,7.096161
20,35,0.000001,0.451318,0.405000,0.913408,2.405507,4.112333,6.517841
20,36,0.000001,0.477800,0.442659,0.963824,2.509446,5.200971,7.710417
21,0,0.000001,0.562146,0.444399,1.014865,2.576798,4.932254,7.509052
21,1,0.000000,0.488284,0.429830,0.972487,2.186319,4.806147,6.992466
21,2,0.000001,0.487056,0.438775,0.988190,1.711988,3.976539,5.688526
21,3,0.000000,0.512123,0.434880,1.004461,2.029605,4.261291,6.290896
21,4,0.000001,0.468977,0.426954,0.961240,2.591001,4.630983,7.221983
21,5,0.000001,0.518259,0.440109,0.995035,2.127487,4.693804,6.821291
21,6,0.000001,0.482418,0.439729,0.988519,1.725856,3.767817,5.493673
21,7,0.000001,0.521390,0.447025,1.032034,2.294062,4.713676,7.007739
21,8,0.000001,0.513832,0.431626,1.027656,2.134030,4.533910,6.667941
21,9,0.000001,0.504408,0.443561,1.025386,2.425541,4.402868,6.828409
21,10,0.000000,0.525504,0.422886,1.025627,3.339628,6.121105,9.460732
21,11,0.000001,0.492546,0.405496,0.979681,2.702010,5.111060,7.813068
21,12,0.000001,0.509383,0.443130,1.004232,3.020593,5.159682,8.180275
21,13,0.000001,0.477459,0.434246,0.989416,2.093606,4.515692,6.609297
21,14,0.000001,0.503020,0.445229,1.000170,2.087558,4.285106,6.372664
21,15,0.000001,0.501723,0.456986,1.031695,2.216435,4.696939,6.913374
21,16,0.000001,0.462265,0.399670,0.931502,2.063273,4.258986,6.322259
21,17,0.000001,0.454507,0.403485,0.906003,3.214752,5.363725,8.578479
21,18,0.000001,0.479859,0.414724,0.928009,2.004939,4.230867,6.235806
21,19,0.000001,0.496050,0.416792,0.969372,2.517745,4.636533,7.154278
21,20,0.000001,0.529612,0.425736,1.011693,2.441116,4.754744,7.195861
21,21,0.000001,0.461343,0.435862,0.965630,2.785743,4.814604,7.600347
21,22,0.000001,0.462252,0.411505,0.925643,2.001141,4.383984,6.385126
21,23,0.000001,0.494884,0.439202,0.974708,2.169607,4.414680,6.584288
21,24,0.000001,0.519453,0.456196,1.046415,2.495234,4.769855,7.265089
21,25,0.000001,0.520413,0.465143,1.058268,2.595786,4.961957,7.557744
21,26,0.000001,0.514112,0.468487,1.066390,2.609989,5.222606,7.832595
21,27,0.000001,0.528647,0.435552,1.041155,2.146413,4.234454,6.380867
21,28,0.000001,0.513418,0.467485,1.055932,2.170943,4.542004,6.712947
21,29,0.000001,0.511158,0.448179,1.034274,2.705579,4.920886,7.626465
21,30,0.000001,0.611745,0.424763,1.110495,2.439418,4.317449,6.756867
21,31,0.000001,0.449389,0.406023,0.920167,2.369843,4.656038,7.025880
21,32,0.000001,0.511602,0.453260,1.020094,1.989145,4.679027,6.668172
21,33,0.000001,0.491601,0.452093,1.001202,1.735121,3.918250,5.653371
21,34,0.000001,0.527684,0.433994,1.044894,2.348519,4.814939,7.163458
21,35,0.000001,0.474965,0.418206,0.945459,2.086600,4.035563,6.122162
21,36,0.000001,0.475587,0.415810,0.934813,2.623916,5.050861,7.674778
22,0,0.000001,0.557506,0.418597,0.977064,2.520004,5.272159,7.792162
22,1,0.000001,0.513376,0.429729,1.008573,2.720246,4.899265,7.619511
22,2,0.000001,0.512816,0.436295,1.022543,2.480957,5.226072,7.707029
22,3,0.000000,0.524242,0.410352,1.012573,2.133883,4.245265,6.379148
22,4,0.000001,0.504616,0.430145,0.999288,2.241770,4.872516,7.114285
22,5,0.000000,0.481187,0.411194,0.961110,1.941075,3.929980,5.871055
22,6,0.000001,0.483415,0.413079,0.959141,2.024822,4.254624,6.279446
22,7,0.000000,0.504761,0.421244,0.980841,2.085480,4.312029,6.397510
22,8,0.000001,0.500903,0.410128,0.974366,2.466442,4.751936,7.218378
22,9,0.000001,0.477289,0.402393,0.934827,1.884396,4.086623,5.971018
22,10,0.000001,0.502670,0.439809,1.001111,2.293511,4.602077,6.895587
22,11,0.000001,0.462847,0.396714,0.933319,2.174953,4.783659,6.958612
22,12,0.000001,0.508078,0.424229,0.982824,2.512547,4.988719,7.501266
22,13,0.000001,0.504001,0.434652,0.998012,2.338333,4.572441,6.910775
22,14,0.000001,0.488302,0.426500,0.985209,2.388638,4.838363,7.227001
22,15,0.000001,0.502054,0.454795,1.004063,2.216169,4.337695,6.553863
22,16,0.000000,0.483275,0.407887,0.957922,2.031801,4.140424,6.172226
22,17,0.000001,0.515037,0.452883,1.014762,2.600533,4.977139,7.577672
22,18,0.000001,0.460708,0.392929,0.926759,2.069894,3.978636,6.048531
22,19,0.000001,0.458659,0.400715,0.893836,2.288272,4.603602,6.891874
22,20,0.000001,0.464390,0.407358,0.915365,2.156431,4.187558,6.343989
22,21,0.000002,0.488122,0.426575,0.972187,1.927209,3.979826,5.907035
22,22,0.000001,0.503813,0.437585,0.991605,2.346698,4.474035,6.820733
22,23,0.000001,0.480968,0.411152,0.966605,1.957899,4.526915,6.484814
22,24,0.000001,0.522186,0.428669,1.007465,2.334636,4.330279,6.664915
22,25,0.000000,0.497274,0.412928,0.976694,2.110323,4.470927,6.581250
22,26,0.000001,0.468935,0.405136,0.933376,2.394254,3.972970,6.367225
22,27,0.000000,0.476305,0.415038,0.936559,2.367688,4.740557,7.108245
22,28,0.000001,0.522950,0.407223,1.001085,1.961524,4.097582,6.059106
22,29,0.000001,0.538143,0.442471,1.037542,2.287852,4.520395,6.808246
22,30,0.000001,0.501290,0.426978,1.004255,2.386280,5.178672,7.564952
22,31,0.000001,0.487177,0.418339,0.974531,1.967736,4.540286,6.508021
22,32,0.000001,0.497598,0.421053,0.979073,2.253034,3.948905,6.201938
22,33,0.000001,0.467574,0.403823,0.927560,2.404770,4.504387,6.909157
22,34,0.000001,0.514241,0.446150,1.022081,3.033915,5.719465,8.753380
22,35,0.000000,0.512461,0.447614,1.033439,2.118805,4.351371,6.470176
22,36,0.000001,0.488768,0.428763,0.992589,2.236275,4.516137,6.752412
23,0,0.000001,0.585339,0.463497,1.057613,2.595026,5.002918,7.597944
23,1,0.000000,0.514207,0.441531,1.034186,2.033767,4.151726,6.185493
23,2,0.000003,0.540127,0.442980,1.056665,2.850381,5.586228,8.436608
23,3,0.000000,0.475510,0.418693,0.968673,1.935390,4.427380,6.362771
23,4,0.000001,0.500946,0.416656,0.956139,2.835202,4.430570,7.265771
23,5,0.000001,0.497164,0.398048,0.931212,2.284012,4.488314,6.772326
23,6,0.000000,0.521709,0.406996,0.981895,1.865979,4.284014,6.149992
23,7,0.000000,0.483646,0.429201,0.979281,2.309965,4.527961,6.837926
23,8,0.000001,0.514371,0.440256,1.021248,2.257735,4.629689,6.887424
23,9,0.000001,0.489942,0.414827,0.970620,1.866066,3.656706,5.522771
23,10,0.000000,0.484127,0.419888,0.957559,2.356360,4.810874,7.167235
23,11,0.000001,0.530504,0.439959,1.027728,2.284431,4.784433,7.068864
23,12,0.000001,0.481891,0.436429,0.994027,1.920945,3.842915,5.763861
23,13,0.000001,0.533122,0.427352,1.003315,1.740974,3.718632,5.459607
23,14,0.000002,0.497562,0.453534,1.030738,2.213557,4.470342,6.683898
23,15,0.000001,0.519628,0.411422,1.002062,2.363694,4.694231,7.057924
23,16,0.000001,0.556338,0.450919,1.091127,2.163176,4.632028,6.795203
23,17,0.000001,0.486546,0.400084,0.965233,2.098641,4.027181,6.125822
23,18,0.000002,0.502335,0.419990,0.993232,2.252121,4.589798,6.841920
23,19,0.000002,0.516822,0.424755,1.011885,2.555552,5.440451,7.996002
23,20,0.000001,0.470970,0.400004,0.946014,2.293608,4.599830,6.893438
23,21,0.000001,0.547534,0.421880,1.038254,1.965603,4.471706,6.437309
23,22,0.000001,0.526433,0.426424,1.030032,2.269136,4.515208,6.784345
23,23,0.000001,0.496923,0.423502,0.998876,2.379126,4.556513,6.935637
23,24,0.000001,0.468299,0.396615,0.934744,2.316201,4.678188,6.994389
23,25,0.000001,0.542924,0.403063,0.991775,1.853143,4.134441,5.987584
23,26,0.000001,0.544502,0.449006,1.049933,2.452625,4.448192,6.900817
23,27,0.000001,0.506293,0.433095,1.027123,2.359130,4.778229,7.137358
23,28,0.000001,0.509664,0.435088,1.015401,2.396204,4.574932,6.971136
23,29,0.000001,0.522871,0.443001,1.047088,2.320803,4.385768,6.706571
23,30,0.000002,0.509892,0.447826,1.039136,1.907847,4.540650,6.448497
23,31,0.000001,0.489249,0.417358,0.979859,1.893680,4.044199,5.937879
23,32,0.000001,0.527619,0.408085,0.993481,2.003032,4.046193,6.049225
23,33,0.000000,0.501571,0.426895,1.001202,1.750912,3.860881,5.611794
23,34,0.000001,0.475689,0.437185,0.961530,2.515725,4.972689,7.488414
23,35,0.000000,0.495827,0.444955,0.984247,2.421352,4.705529,7.126881
23,36,0.000001,0.503592,0.419438,1.001622,2.075418,4.334404,6.409823
24,0,0.000001,0.562381,0.446736,1.018252,2.104539,4.506208,6.610748
24,1,0.000000,0.500453,0.451740,1.011354,1.848978,3.846074,5.695052
24,2,0.000001,0.458720,0.401765,0.912541,2.245852,4.315450,6.561302
24,3,0.000001,0.458295,0.403458,0.905743,2.035138,4.282376,6.317513
24,4,0.000001,0.514237,0.435636,1.004004,1.845366,4.304956,6.150322
24,5,0.000001,0.501730,0.432890,0.991470,1.888423,3.625138,5.513560
24,6,0.000001,0.538744,0.462071,1.065582,1.951468,3.968028,5.919497
24,7,0.000001,0.469513,0.415113,0.952667,2.277494,4.399933,6.677426
24,8,0.000001,0.543914,0.453222,1.051412,2.200188,4.561048,6.761236
24,9,0.000000,0.491107,0.438762,1.010482,2.190310,4.670654,6.860964
24,10,0.000001,0.499789,0.428061,0.994066,1.858311,4.051237,5.909548
24,11,0.000001,0.530663,0.431132,1.033936,2.194845,4.738608,6.933452
24,12,0.000001,0.462889,0.412186,0.944408,1.998005,3.782715,5.780720
24,13,0.000000,0.483911,0.416466,0.968508,2.812023,5.062949,7.874971
24,14,0.000001,0.502001,0.449013,1.020937,1.913443,3.996497,5.909940
24,15,0.000001,0.612256,0.409503,1.097085,2.182438,4.401956,6.584394
24,16,0.000001,0.515424,0.428548,1.006824,2.090852,4.354475,6.445326
24,17,0.000001,0.544514,0.433722,1.045326,2.309688,4.677729,6.987416
24,18,0.000001,0.541182,0.446133,1.067319,2.138851,4.591081,6.729931
24,19,0.000001,0.502487,0.399920,0.964751,2.321686,4.588250,6.909936
24,20,0.000001,0.474233,0.406106,0.930140,2.014527,3.786569,5.801095
24,21,0.000001,0.482836,0.403239,0.932544,1.868976,3.844095,5.713071
24,22,0.000001,0.514556,0.422140,0.989829,2.427426,4.520349,6.947775
24,23,0.000001,0.504592,0.416625,0.992796,1.831963,3.777070,5.609033
24,24,0.000001,0.505720,0.456258,1.036785,2.133269,4.820583,6.953853
24,25,0.000001,0.505689,0.424238,0.997882,2.333118,4.757332,7.090450
24,26,0.000001,0.473595,0.417979,0.940728,2.086865,4.576454,6.663319
24,27,0.000001,0.495778,0.424119,0.963945,2.023127,4.608618,6.631745
24,28,0.000001,0.492885,0.430744,0.995017,2.206948,4.574107,6.781054
24,29,0.000000,0.475198,0.413633,0.947777,2.229561,3.939159,6.168720
24,30,0.000001,0.472577,0.416736,0.944520,2.294438,4.829339,7.123777
24,31,0.000000,0.483474,0.434561,0.971422,2.796000,5.118766,7.914766
24,32,0.000001,0.512984,0.411631,0.993487,2.512041,5.210519,7.722560
24,33,0.000001,0.492683,0.445158,0.999843,1.794120,3.759639,5.553760
24,34,0.000001,0.498394,0.440287,1.009079,1.851822,3.836229,5.688052
24,35,0.000001,0.523499,0.454264,1.041311,2.734768,5.358494,8.093262
24,36,0.000001,0.512416,0.435293,1.027949,2.348345,4.589077,6.937421
25,0,0.000001,0.556543,0.425648,0.990834,2.009213,4.197961,6.207174
25,1,0.000001,0.509197,0.444807,1.017513,2.589589,5.109956,7.699545
25,2,0.000001,0.548393,0.443991,1.063399,1.690594,4.005829,5.696423
25,3,0.000000,0.495928,0.421209,0.977557,2.189847,4.378810,6.568657
25,4,0.000001,0.506202,0.450039,1.021246,2.358012,4.472623,6.830636
25,5,0.000001,0.522017,0.435537,1.028047,2.271080,4.680910,6.951990
25,6,0.000001,0.536114,0.429796,1.038100,1.944947,4.257941,6.202888
25,7,0.000000,0.520722,0.430792,1.011699,1.734680,3.995068,5.729748
25,8,0.000001,0.515058,0.434788,1.022006,2.406188,4.771450,7.177638
25,9,0.000000,0.507059,0.422945,1.007132,2.609214,5.323271,7.932485
25,10,0.000001,0.489367,0.476408,1.054684,2.198067,4.363236,6.561303
25,11,0.000000,0.452271,0.393982,0.905843,2.367137,4.456287,6.823423
25,12,0.000001,0.505621,0.385325,0.936963,1.712146,3.771568,5.483714
25,13,0.000000,0.531609,0.406149,1.005868,2.000144,4.533121,6.533265
25,14,0.000001,0.489187,0.428224,0.991883,2.423675,5.000309,7.423985
25,15,0.000001,0.487484,0.414400,0.965897,2.080962,4.032823,6.113784
25,16,0.000001,0.512937,0.481412,1.065355,1.872790,3.913327,5.786117
25,17,0.000000,0.507709,0.444144,1.022835,2.272274,4.448130,6.720404
25,18,0.000001,0.492454,0.439002,1.011218,1.952123,3.794340,5.746463
25,19,0.000000,0.489747,0.444423,0.995143,2.026139,4.359016,6.385156
25,20,0.000001,0.497272,0.441628,1.006328,2.214263,4.486629,6.700891
25,21,0.000000,0.473948,0.400244,0.945645,2.403026,4.461093,6.864120
25,22,0.000001,0.500577,0.395041,0.938069,2.604921,5.024816,7.629737
25,23,0.000001,0.530815,0.420352,1.012552,2.500421,4.395082,6.895502
25,24,0.000001,0.491254,0.418291,0.993588,1.656507,3.661036,5.317543
25,25,0.000001,0.506994,0.406061,0.967167,2.247945,4.620731,6.868677
25,26,0.000000,0.496286,0.398641,0.931237,1.717495,3.969567,5.687062
25,27,0.000001,0.476218,0.403055,0.939246,2.470624,4.557269,7.027893
25,28,0.000001,0.502355,0.426362,0.970998,1.926246,3.912726,5.838972
25,29,0.000001,0.486017,0.410963,0.952545,1.835132,4.151578,5.986711
25,30,0.000001,0.655642,0.445283,1.164681,2.262491,4.625921,6.888411
25,31,0.000000,0.535344,0.434397,1.043927,2.131615,4.712021,6.843637
25,32,0.000001,0.490007,0.391031,0.947109,1.857432,3.832111,5.689543
25,33,0.000001,0.525011,0.436388,1.010919,1.931974,4.311472,6.243446
25,34,0.000001,0.531294,0.449545,1.043780,2.607031,5.193211,7.800241
25,35,0.000001,0.506960,0.436372,1.017746,1.630135,3.800121,5.430256
25,36,0.000001,0.528242,0.426164,1.035650,2.143201,3.912697,6.055898
26,0,0.000001,0.544053,0.433621,0.986090,1.949359,3.726168,5.675526
26,1,0.000001,0.534116,0.425750,1.016395,2.329658,4.394375,6.724032
26,2,0.000001,0.485449,0.400383,0.947783,2.331560,4.187048,6.518608
26,3,0.000001,0.530282,0.444811,1.015607,1.794601,4.282426,6.077028
26,4,0.000001,0.530416,0.447365,1.041684,2.189024,4.546364,6.735388
26,5,0.000001,0.558453,0.462994,1.095100,2.238789,4.519705,6.758494
26,6,0.000000,0.495322,0.434279,1.009184,2.066150,3.942143,6.008293
26,7,0.000001,0.525999,0.415614,1.020115,2.126598,4.517904,6.644501
26,8,0.000000,0.504618,0.409443,0.980598,1.834974,3.831516,5.666490
26,9,0.000001,0.522655,0.405853,0.994336,2.678293,4.776369,7.454662
26,10,0.000000,0.493497,0.411386,0.963364,2.253614,4.470854,6.724470
26,11,0.000001,0.607683,0.409987,1.102933,2.283501,4.578279,6.861781
26,12,0.000000,0.511907,0.416055,1.000957,1.388009,3.354322,4.742332
26,13,0.000001,0.497426,0.442749,1.009135,1.964315,4.134157,6.098471
26,14,0.000000,0.569556,0.473652,1.098601,2.684763,5.602388,8.287151
26,15,0.000001,0.543515,0.457399,1.093137,2.177045,4.373565,6.550611
26,16,0.000001,0.518925,0.436024,1.032470,2.033687,4.342297,6.375983
26,17,0.000001,0.542422,0.421214,1.038179,1.850725,3.656416,5.507140
26,18,0.000001,0.508891,0.408180,0.977350,1.748684,3.761700,5.510385
26,19,0.000001,0.522354,0.448362,1.030669,2.212456,4.168110,6.380567
26,20,0.000001,0.517684,0.424964,1.012140,2.494170,4.748352,7.242522
26,21,0.000001,0.515337,0.447412,1.017859,2.047685,4.548229,6.595914
26,22,0.000000,0.456804,0.390607,0.912096,2.235143,4.806340,7.041483
26,23,0.000001,0.470608,0.431443,0.956215,1.521224,3.232565,4.753789
26,24,0.000001,0.475444,0.474759,1.000341,1.986246,4.227054,6.213300
26,25,0.000001,0.520960,0.444942,1.029838,2.253541,4.754832,7.008372
26,26,0.000000,0.562813,0.434021,1.061873,2.203082,4.394188,6.597270
26,27,0.000001,0.521267,0.433380,1.025169,1.670670,4.237645,5.908315
26,28,0.000000,0.502210,0.427086,0.984527,2.107430,4.671773,6.779202
26,29,0.000001,0.519291,0.413976,0.986295,1.851439,3.825607,5.677046
26,30,0.000001,0.493998,0.431693,0.977709,1.933697,4.380064,6.313761
26,31,0.000001,0.460483,0.391860,0.926403,2.248683,4.541845,6.790529
26,32,0.000001,0.522308,0.421670,0.989131,2.368723,4.685384,7.054108
26,33,0.000000,0.511969,0.439828,1.016432,2.177385,4.310829,6.488214
26,34,0.000001,0.498604,0.455864,1.026033,2.153529,4.369874,6.523402
26,35,0.000000,0.468240,0.422327,0.963720,2.067324,4.157815,6.225137
26,36,0.000001,0.468111,0.402511,0.939097,2.053768,4.606422,6.660191
27,0,0.000001,0.569044,0.430012,1.007918,1.851535,4.275449,6.126985
27,1,0.000001,0.520243,0.446617,1.032427,2.127593,4.658727,6.786320
27,2,0.000001,0.534891,0.430155,1.044287,2.349926,4.237604,6.587529
27,3,0.000000,0.473975,0.407425,0.944352,1.546385,3.404206,4.950591
27,4,0.000001,0.513968,0.461763,1.032812,1.796896,3.784001,5.580897
27,5,0.000001,0.488382,0.430674,0.989017,2.194946,4.159314,6.354261
27,6,0.000001,0.511431,0.442164,1.024513,1.952084,4.014462,5.966546
27,7,0.000001,0.531247,0.469736,1.058513,2.564381,4.929162,7.493543
27,8,0.000001,0.548411,0.422960,1.054274,2.415608,4.565099,6.980707
27,9,0.000000,0.491874,0.420245,0.979806,1.917732,3.913737,5.831470
27,10,0.000001,0.510244,0.435479,1.004938,1.888693,4.124738,6.013431
27,11,0.000001,0.461369,0.413198,0.934063,2.808615,4.689324,7.497941
27,12,0.000001,0.534181,0.445497,1.017854,1.951807,3.927750,5.879557
27,13,0.000001,0.488038,0.419818,0.987979,1.660648,3.516305,5.176953
27,14,0.000001,0.542399,0.438512,1.051090,2.095719,4.233928,6.329646
27,15,0.000001,0.532062,0.454568,1.059303,2.987190,5.395769,8.382959
27,16,0.000001,0.535751,0.425481,1.055703,2.023394,4.484777,6.508171
27,17,0.000000,0.496747,0.448473,1.003585,2.203102,4.436058,6.639160
27,18,0.000001,0.501087,0.428513,0.996356,1.894855,4.042180,5.937035
27,19,0.000000,0.534219,0.440311,1.041082,2.127507,4.652539,6.780046
27,20,0.000001,0.514157,0.452186,1.054151,2.136923,4.628818,6.765741
27,21,0.000000,0.505042,0.418978,0.996163,1.965181,4.246945,6.212126
27,22,0.000001,0.540848,0.446850,1.035980,1.938700,4.300600,6.239300
27,23,0.000000,0.551482,0.454292,1.067728,2.283472,4.515065,6.798538
27,24,0.000001,0.511383,0.445770,1.034165,2.796221,5.346341,8.142562
27,25,0.000000,0.481251,0.417643,0.955588,2.042210,4.224680,6.266890
27,26,0.000001,0.547325,0.437697,1.043036,2.076654,4.225882,6.302535
27,27,0.000001,0.527947,0.410838,1.020380,1.657062,3.803073,5.460135
27,28,0.000001,0.512314,0.424216,1.014143,2.049913,4.302820,6.352733
27,29,0.000000,0.511759,0.418257,0.993310,2.126382,4.179149,6.305530
27,30,0.000001,0.466094,0.410345,0.939657,3.788409,5.588595,9.377006
27,31,0.000000,0.492919,0.422679,0.948457,1.896292,4.715657,6.611950
27,32,0.000001,0.486036,0.410900,0.951180,1.458555,3.584496,5.043052
27,33,0.000001,0.480127,0.413704,0.943637,1.969730,3.706979,5.676709
27,34,0.000001,0.496427,0.429093,0.987443,1.964166,4.283550,6.247717
27,35,0.000000,0.515535,0.435934,0.999534,2.078769,4.276628,6.355397
27,36,0.000001,0.507329,0.424747,1.012445,2.173697,4.260644,6.434341
28,0,0.000001,0.549977,0.421251,0.980039,1.802088,3.568281,5.370369
28,1,0.000000,0.480874,0.415437,0.947298,2.298403,4.787878,7.086281
28,2,0.000001,0.564741,0.445262,1.069380,1.490825,3.260657,4.751482
28,3,0.000001,0.500599,0.448601,1.010419,2.209519,4.481963,6.691481
28,4,0.000001,0.516026,0.430175,1.021137,1.581073,3.438219,5.019291
28,5,0.000001,0.510638,0.426403,1.004947,1.716442,4.011542,5.727984
28,6,0.000001,0.470489,0.415558,0.949109,1.850483,3.589124,5.439606
28,7,0.000000,0.497427,0.407862,0.968333,2.044720,4.669539,6.714259
28,8,0.000001,0.496768,0.484437,1.043715,1.529727,3.843725,5.373453
28,9,0.000000,0.527550,0.420455,1.007134,2.117638,4.496897,6.614535
28,10,0.000001,0.521038,0.457915,1.050366,2.258949,4.689649,6.948597
28,11,0.000000,0.504053,0.453155,1.020771,1.937831,3.812208,5.750038
28,12,0.000002,0.481050,0.427222,0.980351,2.179964,4.517897,6.697861
28,13,0.000000,0.459513,0.398559,0.924549,2.116110,4.560949,6.677059
28,14,0.000001,0.519418,0.442050,1.024918,2.365100,4.362077,6.727177
28,15,0.000001,0.630428,0.429135,1.126185,1.888766,3.873665,5.762431
28,16,0.000001,0.510932,0.415200,1.004539,2.278214,4.367733,6.645947
28,17,0.000001,0.526897,0.423879,1.003497,2.706901,5.023823,7.730725
28,18,0.000001,0.492702,0.404636,0.972539,2.071353,4.297857,6.369210
28,19,0.000001,0.469901,0.407039,0.924111,1.663898,3.928451,5.592349
28,20,0.000001,0.532130,0.428284,1.011232,1.983335,4.646204,6.629538
28,21,0.000000,0.545071,0.421690,1.030552,2.609827,5.077795,7.687623
28,22,0.000001,0.499075,0.434720,1.010413,1.907531,4.099024,6.006555
28,23,0.000000,0.539358,0.436732,1.054560,1.814966,3.999864,5.814830
28,24,0.000001,0.517284,0.433506,1.024292,2.007797,4.187442,6.195239
28,25,0.000000,0.491521,0.428468,0.990188,1.689831,3.821950,5.511782
28,26,0.000001,0.506929,0.434484,1.008252,2.425645,4.684969,7.110614
28,27,0.000000,0.496815,0.402678,0.962101,1.933985,4.045555,5.979540
28,28,0.000001,0.478304,0.483879,1.011119,1.793492,3.732073,5.525566
28,29,0.000001,0.468088,0.401003,0.915186,2.182993,4.278866,6.461860
28,30,0.000000,0.556096,0.432680,1.047225,1.852617,3.963782,5.816399
28,31,0.000001,0.499873,0.429711,0.991991,2.646206,4.948227,7.594433
28,32,0.000001,0.484607,0.420957,0.975241,1.707789,3.824833,5.532622
28,33,0.000001,0.520562,0.417165,0.994887,1.738429,3.870128,5.608557
28,34,0.000001,0.535931,0.445703,1.056195,2.016280,4.135894,6.152174
28,35,0.000000,0.527570,0.441715,1.053555,2.422793,4.910346,7.333138
28,36,0.000001,0.461623,0.407692,0.952776,2.103535,4.525228,6.628762
29,0,0.000001,0.568785,0.440593,1.017991,2.215860,4.827756,7.043617
29,1,0.000001,0.513109,0.458954,1.040329,2.112157,4.767318,6.879476
29,2,0.000001,0.511872,0.460784,1.043406,1.856377,3.789590,5.645967
29,3,0.000000,0.508444,0.448777,1.031364,1.672275,3.611998,5.284273
29,4,0.000001,0.531886,0.495410,1.104492,2.660228,5.155697,7.815926
29,5,0.000001,0.487669,0.425629,0.987804,1.573702,3.380151,4.953854
29,6,0.000002,0.482127,0.413948,0.956284,2.048317,3.976189,6.024507
29,7,0.000001,0.544436,0.451482,1.045153,2.179215,4.524916,6.704130
29,8,0.000001,0.455736,0.395407,0.920537,1.839205,4.143245,5.982450
29,9,0.000001,0.492318,0.413097,0.951322,2.098943,4.373139,6.472082
29,10,0.000001,0.527294,0.461464,1.052063,2.157179,4.232707,6.389886
29,11,0.000000,0.512639,0.430867,1.016667,1.823384,3.841369,5.664754
29,12,0.000001,0.487696,0.427693,0.977109,1.902282,3.977967,5.880249
29,13,0.000001,0.509553,0.424375,0.992756,1.775695,3.657109,5.432804
29,14,0.000001,0.483113,0.393872,0.936849,2.169055,4.180951,6.350007
29,15,0.000001,0.517357,0.446185,1.005572,2.112527,3.989995,6.102522
29,16,0.000001,0.510099,0.422254,1.000216,2.147288,4.457928,6.605217
29,17,0.000001,0.500564,0.411020,0.970791,2.353765,4.655386,7.009151
29,18,0.000001,0.573996,0.444140,1.079851,2.661847,5.248492,7.910339
29,19,0.000000,0.475542,0.408427,0.951472,2.229615,4.372605,6.602221
29,20,0.000001,0.494477,0.411706,0.951574,2.056877,4.615102,6.671979
29,21,0.000000,0.504893,0.414745,0.982760,1.820565,4.273603,6.094169
29,22,0.000001,0.544952,0.436173,1.065224,1.689452,3.648094,5.337545
29,23,0.000000,0.503968,0.475063,1.031807,2.030591,3.900908,5.931498
29,24,0.000001,0.529983,0.453670,1.044009,1.834842,3.994450,5.829291
29,25,0.000000,0.523004,0.454805,1.053548,2.116987,4.110869,6.227856
29,26,0.000001,0.649214,0.443793,1.187506,2.313747,4.731881,7.045628
29,27,0.000000,0.502938,0.424912,1.000444,1.981905,3.615831,5.597736
29,28,0.000001,0.510808,0.448659,1.019957,1.564232,3.710001,5.274233
29,29,0.000001,0.526604,0.449784,1.039513,2.240531,4.721064,6.961594
29,30,0.000001,0.488770,0.426588,0.998484,2.074008,4.136227,6.210234
29,31,0.000001,0.510484,0.449008,1.013565,2.244179,4.628349,6.872529
29,32,0.000001,0.499880,0.432345,1.012838,1.968267,4.305491,6.273757
29,33,0.000001,0.473011,0.413329,0.946698,1.852163,3.763133,5.615295
29,34,0.000001,0.476829,0.420847,0.955192,1.666683,3.754063,5.420747
29,35,0.000001,0.503996,0.433663,0.988402,1.937959,4.372366,6.310326
29,36,0.000001,0.471866,0.431060,0.970898,1.822790,4.041520,5.864309
30,0,0.000001,0.581500,0.453275,1.043654,1.535605,3.384033,4.919638
30,1,0.000001,0.530225,0.458453,1.058403,2.014055,4.112526,6.126581
30,2,0.000001,0.532614,0.423515,1.029858,1.820523,4.186925,6.007448
30,3,0.000001,0.512023,0.451374,1.021550,1.728074,3.929339,5.657413
30,4,0.000001,0.521179,0.446055,1.039566,2.063449,4.452229,6.515678
30,5,0.000001,0.533772,0.442385,1.047744,2.265787,4.561647,6.827435
30,6,0.000000,0.500536,0.427854,1.000023,1.873195,4.099635,5.972831
30,7,0.000001,0.547873,0.469830,1.088598,2.316399,4.895927,7.212327
30,8,0.000001,0.484476,0.415197,0.980852,2.176395,4.814887,6.991282
30,9,0.000001,0.464151,0.408291,0.921296,2.174702,4.701313,6.876015
30,10,0.000001,0.465837,0.400594,0.915016,2.169562,4.397237,6.566799
30,11,0.000001,0.474011,0.399136,0.917270,1.724938,3.761610,5.486547
30,12,0.000001,0.489278,0.398768,0.928982,2.115000,4.391260,6.506260
30,13,0.000001,0.562345,0.422641,1.041217,1.917530,3.837755,5.755286
30,14,0.000001,0.502875,0.435961,1.009495,1.723029,3.990708,5.713737
30,15,0.000001,0.533357,0.431098,1.038122,2.227703,4.718730,6.946433
30,16,0.000000,0.473999,0.395158,0.944689,2.762988,4.781588,7.544575
30,17,0.000001,0.482102,0.420959,0.954775,1.757231,3.784657,5.541888
30,18,0.000001,0.458472,0.407543,0.915799,1.786914,3.610649,5.397563
30,19,0.000001,0.527783,0.446849,1.031533,1.834142,4.070994,5.905136
30,20,0.000000,0.471704,0.419056,0.962857,1.498282,3.030035,4.528316
30,21,0.000001,0.488469,0.431127,0.997351,1.592884,3.252409,4.845293
30,22,0.000001,0.488160,0.475105,1.022035,2.089397,4.065035,6.154431
30,23,0.000001,0.468820,0.430704,0.962637,2.145312,4.143262,6.288573
30,24,0.000000,0.481320,0.420870,0.961090,2.418826,4.500970,6.919796
30,25,0.000001,0.501847,0.443853,1.025240,2.060752,4.456130,6.516881
30,26,0.000001,0.470083,0.435254,0.979772,1.758916,3.422447,5.181364
30,27,0.000001,0.480480,0.427125,0.965285,1.716702,3.790852,5.507554
30,28,0.000000,0.500087,0.429848,0.986088,1.800348,4.233334,6.033682
30,29,0.000001,0.551600,0.426854,1.050794,2.304003,4.500045,6.804049
30,30,0.000000,0.528768,0.473797,1.051482,1.973943,4.092138,6.066080
30,31,0.000000,0.504632,0.437983,1.028808,2.216625,4.908083,7.124708
30,32,0.000001,0.502622,0.448749,1.023843,2.617538,5.035682,7.653220
30,33,0.000001,0.506928,0.447537,1.020744,2.062644,3.955127,6.017771
30,34,0.000000,0.463190,0.421795,0.955056,2.411862,5.054622,7.466483
30,35,0.000001,0.618646,0.415888,1.090522,2.078180,4.168062,6.246243
30,36,0.000001,0.486830,0.408836,0.947993,1.900153,3.952747,5.852900
